Date,AAPL,BRK.A,CVX,GE,GOOGL,IBM,JNJ,JPM,KO,MRK,MSFT,ORCL,PFE,PG,T,VZ,WFC,WMT,XOM
2006-01-03 00:00:00+00:00,71.85,89300.0,45.12,26.17,217.83,70.82,47.82,32.56,16.09,23.28,22.39,11.99,16.44,46.34,15.84,17.83,25.5,38.48,48.48
2006-01-04 00:00:00+00:00,72.06,89690.0,44.99,26.14,222.84,70.72,48.56,32.38,16.06,23.55,22.5,12.0,16.97,46.43,15.95,18.35,25.2,38.56,48.57
2006-01-05 00:00:00+00:00,71.49,89800.0,44.44,26.07,225.85,71.2,48.35,32.47,16.14,23.59,22.51,12.17,16.99,46.28,15.99,18.56,25.18,38.03,48.33
2006-01-06 00:00:00+00:00,73.34,89500.0,45.25,26.25,233.06,73.31,48.57,32.7,16.29,23.55,22.45,12.48,17.18,46.23,16.19,18.64,25.32,38.19,49.28
2006-01-09 00:00:00+00:00,73.1,89900.0,45.02,26.18,233.68,72.26,48.87,33.23,16.37,23.93,22.41,12.25,17.18,46.58,16.25,18.71,25.32,38.05,49.25
2006-01-10 00:00:00+00:00,77.72,89790.0,45.25,26.04,235.12,72.55,48.96,33.28,16.39,23.7,22.52,12.0,16.89,46.4,16.15,18.79,25.3,38.18,49.64
2006-01-11 00:00:00+00:00,80.64,89410.0,45.7,26.22,236.05,72.64,48.49,33.26,16.4,23.79,22.76,11.99,17.11,46.56,16.28,19.02,25.43,38.77,49.98
2006-01-12 00:00:00+00:00,81.02,89300.0,45.74,25.9,232.05,72.12,48.27,32.65,16.31,23.8,22.64,11.91,16.99,46.05,16.21,19.09,25.14,38.08,49.45
2006-01-13 00:00:00+00:00,82.27,89600.0,46.1,25.97,233.36,71.78,47.97,32.62,16.25,23.79,22.68,11.9,17.05,46.44,16.23,19.13,25.28,37.79,50.56
2006-01-17 00:00:00+00:00,81.42,89300.0,47.25,25.86,233.79,71.63,47.55,32.45,16.14,23.61,22.51,11.83,16.78,46.24,16.13,18.71,25.02,37.42,51.03
2006-01-18 00:00:00+00:00,79.29,89950.0,46.51,25.77,222.68,72.32,48.25,32.1,16.06,23.48,22.38,11.74,16.59,46.48,16.12,18.52,25.42,37.61,50.32
2006-01-19 00:00:00+00:00,75.97,90200.0,47.05,25.66,218.44,71.71,48.24,31.92,16.1,23.69,22.54,11.91,17.26,46.35,16.17,18.68,25.02,38.13,51.0
2006-01-20 00:00:00+00:00,73.13,89500.0,46.68,24.69,199.93,70.21,47.17,31.09,15.77,23.64,22.03,11.69,17.08,45.82,16.05,18.39,24.58,37.46,50.19
2006-01-23 00:00:00+00:00,74.65,89300.0,47.51,24.63,213.96,70.26,47.48,31.27,15.94,23.34,21.98,11.7,17.2,45.66,15.88,18.43,24.62,37.67,50.75
2006-01-24 00:00:00+00:00,73.09,89600.0,47.39,24.39,221.74,69.77,46.06,31.14,16.09,23.3,21.92,11.61,17.0,45.84,16.02,18.36,24.62,38.06,50.55
2006-01-25 00:00:00+00:00,71.32,89850.0,46.79,24.24,216.72,69.83,45.39,31.44,16.19,23.6,22.02,11.9,17.16,46.32,16.37,18.65,24.78,38.27,49.93
2006-01-26 00:00:00+00:00,69.52,89600.0,45.99,24.43,217.35,69.66,45.5,32.35,16.32,24.14,22.11,11.83,17.31,46.6,16.57,18.83,25.01,38.56,49.71
2006-01-27 00:00:00+00:00,69.23,89500.0,46.12,24.38,216.96,69.92,45.55,32.48,16.51,24.67,23.18,11.81,17.96,47.32,16.82,19.11,25.06,38.16,50.82
2006-01-30 00:00:00+00:00,72.09,89290.0,46.4,24.37,213.62,70.45,45.31,32.56,16.43,24.5,23.36,12.0,17.93,46.85,16.92,18.96,24.97,38.63,52.33
2006-01-31 00:00:00+00:00,72.58,89490.0,45.35,24.23,216.55,70.16,44.65,32.48,16.28,24.53,23.48,11.96,17.75,46.92,16.86,18.82,24.92,38.38,52.03
2006-02-01 00:00:00+00:00,72.49,88990.0,44.83,24.52,201.09,70.71,44.89,32.59,16.33,24.64,23.39,11.97,18.0,47.39,17.25,18.9,24.92,38.41,51.37
2006-02-02 00:00:00+00:00,69.3,88690.0,44.69,24.35,198.22,70.1,44.73,32.68,16.22,24.04,23.09,11.79,17.82,47.25,17.23,18.75,24.71,38.53,51.37
2006-02-03 00:00:00+00:00,69.06,88275.0,43.92,24.31,190.97,69.01,44.52,32.3,16.09,24.45,22.97,11.61,17.47,47.28,17.4,18.79,24.6,37.87,50.9
2006-02-06 00:00:00+00:00,64.69,88175.0,44.94,24.23,192.74,68.62,44.11,32.23,16.11,24.05,22.66,11.65,17.34,47.36,17.57,18.76,24.61,37.53,51.38
2006-02-07 00:00:00+00:00,64.97,87700.0,44.1,23.91,184.14,68.91,44.07,32.08,16.14,23.95,22.47,11.77,17.4,46.99,17.49,18.73,24.64,37.24,50.21
2006-02-08 00:00:00+00:00,66.14,87800.0,44.21,24.23,184.72,69.91,45.47,32.36,16.22,24.38,22.45,11.96,18.4,47.11,17.62,19.37,24.72,37.79,50.34
2006-02-09 00:00:00+00:00,62.43,87800.0,43.46,24.36,179.56,69.56,45.43,32.5,16.13,24.41,22.24,12.07,18.38,47.23,17.62,19.42,24.68,38.04,49.95
2006-02-10 00:00:00+00:00,64.7,88000.0,43.24,24.63,181.49,70.36,45.3,32.62,16.2,24.39,22.26,12.07,17.92,47.29,17.85,19.73,24.88,38.08,49.54
2006-02-13 00:00:00+00:00,62.2,88000.0,43.24,24.6,173.02,69.59,45.39,32.5,16.03,24.39,22.01,11.88,17.85,47.09,17.96,19.58,24.85,37.88,49.68
2006-02-14 00:00:00+00:00,65.01,88100.0,42.9,24.76,171.83,70.16,45.82,32.77,16.27,24.65,22.23,11.8,17.79,47.4,18.38,19.93,25.25,38.67,49.64
2006-02-15 00:00:00+00:00,66.53,88000.0,43.08,24.76,171.36,69.95,45.86,32.95,16.27,25.09,22.5,11.81,17.87,47.62,18.39,20.3,25.59,39.03,49.82
2006-02-16 00:00:00+00:00,67.83,87590.0,43.34,24.68,183.41,70.0,45.76,33.36,16.36,25.58,22.44,11.83,18.01,48.11,18.48,20.54,25.77,38.82,50.22
2006-02-17 00:00:00+00:00,67.56,87675.0,44.01,24.87,184.56,69.83,45.83,33.32,16.44,25.63,22.35,11.8,18.02,48.32,18.37,20.68,25.64,38.38,50.47
2006-02-21 00:00:00+00:00,66.4,87390.0,44.58,24.69,183.48,69.65,45.89,33.26,16.47,25.3,22.21,11.74,17.89,48.23,18.28,20.42,25.6,38.08,50.65
2006-02-22 00:00:00+00:00,68.55,87100.0,44.07,24.89,182.93,70.38,45.8,33.84,16.56,25.54,22.36,11.87,18.28,49.07,18.35,20.21,25.95,37.86,50.23
2006-02-23 00:00:00+00:00,68.96,87100.0,43.99,24.8,189.22,69.39,45.46,33.59,16.54,25.17,22.31,11.8,18.24,48.7,18.15,20.16,25.95,38.04,49.87
2006-02-24 00:00:00+00:00,68.68,86950.0,44.38,24.71,188.89,69.3,45.07,34.04,16.62,24.95,22.29,11.85,18.4,48.72,17.91,20.1,26.02,37.83,50.37
2006-02-27 00:00:00+00:00,68.23,87375.0,43.96,24.84,195.39,69.76,45.19,33.98,16.73,25.14,22.64,11.85,18.56,48.6,18.04,20.25,25.99,38.09,49.95
2006-02-28 00:00:00+00:00,65.83,86800.0,43.48,24.51,181.49,69.42,44.98,33.62,16.51,24.78,22.49,11.81,18.28,47.47,17.92,20.03,25.88,37.76,49.49
2006-03-01 00:00:00+00:00,66.42,86900.0,44.07,24.42,182.58,69.13,44.99,34.02,16.65,24.85,22.72,12.19,18.32,47.62,18.25,20.33,26.07,37.58,50.3
2006-03-02 00:00:00+00:00,66.91,87000.0,43.89,24.49,188.41,69.16,45.02,34.04,16.49,24.97,22.57,12.18,18.19,47.17,18.37,20.21,25.73,37.51,50.72
2006-03-03 00:00:00+00:00,65.09,87490.0,43.86,24.65,189.28,69.18,44.84,33.99,16.45,25.02,22.54,12.17,18.38,47.27,18.18,19.96,25.72,37.73,50.83
2006-03-06 00:00:00+00:00,62.94,88100.0,43.0,24.68,184.23,69.21,45.14,33.85,16.51,24.85,22.52,12.15,18.13,47.27,17.55,20.05,25.68,37.56,50.0
2006-03-07 00:00:00+00:00,63.73,88400.0,42.59,24.71,182.41,69.46,45.43,33.9,16.45,24.81,22.65,12.25,18.28,47.77,17.23,19.92,25.99,37.68,49.89
2006-03-08 00:00:00+00:00,63.11,88700.0,42.44,24.92,177.12,70.2,45.83,33.99,16.62,24.93,22.81,12.23,18.26,48.38,17.4,19.88,25.96,37.68,49.77
2006-03-09 00:00:00+00:00,61.45,89800.0,41.92,24.75,171.67,70.1,45.5,33.54,16.68,24.8,22.6,12.21,18.28,48.64,17.5,19.96,25.76,37.66,49.12
2006-03-10 00:00:00+00:00,60.74,89900.0,41.64,25.09,168.92,70.57,46.07,33.61,16.83,24.98,22.74,12.27,18.2,49.31,17.69,20.33,25.9,37.73,49.33
2006-03-13 00:00:00+00:00,63.13,90200.0,42.48,25.1,168.7,70.88,46.1,33.55,16.84,25.3,22.69,12.27,18.12,49.1,17.62,20.4,25.94,37.68,49.72
2006-03-14 00:00:00+00:00,64.7,89750.0,43.38,25.18,175.76,71.71,46.26,33.81,16.96,25.23,22.79,12.33,18.12,47.54,17.75,20.44,26.17,37.91,50.69
2006-03-15 00:00:00+00:00,63.66,89390.0,43.5,25.66,172.42,72.14,46.66,33.68,16.94,25.27,22.9,12.59,18.11,47.45,17.74,20.44,26.16,37.87,50.87
2006-03-16 00:00:00+00:00,61.81,89200.0,44.45,25.63,169.55,71.7,46.83,33.76,16.92,25.36,22.82,12.84,18.18,47.05,17.61,20.52,26.17,38.73,51.38
2006-03-17 00:00:00+00:00,62.15,88800.0,44.02,25.73,170.07,72.07,47.08,33.83,16.96,25.62,23.02,12.94,18.42,46.82,17.54,20.46,26.22,39.01,50.89
2006-03-20 00:00:00+00:00,61.5,89900.0,43.69,25.72,174.27,72.31,47.19,33.87,17.0,25.63,23.34,13.05,18.47,46.88,17.42,20.34,26.25,39.9,50.57
2006-03-21 00:00:00+00:00,59.41,89700.0,43.55,25.6,170.13,72.51,47.26,33.67,16.94,25.8,23.22,12.96,18.36,46.76,17.36,20.42,26.15,40.2,50.62
2006-03-22 00:00:00+00:00,59.27,90000.0,43.49,25.74,170.28,73.06,47.6,34.36,16.95,26.04,22.72,13.31,18.42,47.13,17.49,20.69,26.35,40.19,50.89
2006-03-23 00:00:00+00:00,57.82,90000.0,43.6,25.44,171.12,71.98,47.45,34.35,16.81,26.02,22.47,13.13,18.25,46.46,17.54,20.64,26.19,40.56,51.06
2006-03-24 00:00:00+00:00,57.63,90000.0,44.32,25.31,183.08,72.12,47.12,34.4,16.91,25.91,22.61,13.12,18.16,46.53,17.78,20.79,26.19,40.26,50.99
2006-03-27 00:00:00+00:00,57.2,89900.0,44.82,25.19,185.03,71.88,46.77,34.41,16.8,25.89,22.61,13.17,18.01,46.18,17.74,20.77,26.17,40.06,51.09
2006-03-28 00:00:00+00:00,56.43,89600.0,44.55,25.05,188.79,71.32,46.51,33.96,16.71,25.62,22.51,12.93,17.69,45.57,17.55,20.54,25.82,39.9,50.81
2006-03-29 00:00:00+00:00,59.91,89710.0,45.14,25.3,197.69,71.92,46.44,34.06,16.71,25.73,22.62,13.05,17.61,45.74,17.71,20.82,25.88,40.15,51.08
2006-03-30 00:00:00+00:00,60.31,89660.0,45.05,25.83,194.41,71.98,46.31,33.94,16.69,25.59,22.79,13.11,17.59,45.65,17.55,20.5,25.85,39.82,50.95
2006-03-31 00:00:00+00:00,60.28,90350.0,44.63,25.93,195.2,71.35,46.21,34.03,16.59,25.32,22.77,13.02,17.39,45.65,17.56,20.25,25.74,39.47,50.73
2006-04-03 00:00:00+00:00,60.22,90490.0,44.92,25.86,195.05,71.86,46.17,34.26,16.59,25.45,23.07,13.12,17.53,45.85,17.5,20.46,25.93,39.08,50.87
2006-04-04 00:00:00+00:00,58.79,90090.0,45.35,25.87,202.37,72.2,45.9,34.82,16.68,25.5,23.13,13.17,17.52,45.95,17.62,20.57,26.15,38.85,51.47
2006-04-05 00:00:00+00:00,64.6,89990.0,45.81,25.66,204.2,72.82,45.57,35.05,16.63,25.87,23.22,13.27,17.56,45.64,17.6,20.47,26.25,39.16,51.82
2006-04-06 00:00:00+00:00,68.47,90000.0,45.74,25.73,205.8,72.51,45.65,34.84,16.52,25.04,23.07,13.13,17.51,45.55,17.39,20.26,26.17,38.9,51.76
2006-04-07 00:00:00+00:00,67.08,89200.0,45.15,25.37,203.28,71.36,45.12,34.35,16.39,24.78,22.81,13.08,17.23,45.38,17.2,20.33,25.94,38.45,51.12
2006-04-10 00:00:00+00:00,66.0,88590.0,45.98,25.29,208.4,71.03,45.03,34.5,16.44,24.74,22.84,13.16,17.2,45.27,17.12,20.14,25.96,38.18,51.63
2006-04-11 00:00:00+00:00,65.35,88000.0,45.78,25.39,205.04,70.22,45.06,34.28,16.37,24.48,22.71,13.17,16.99,44.75,16.95,19.7,25.95,38.02,51.68
2006-04-12 00:00:00+00:00,64.12,87363.0,45.17,25.69,204.68,69.86,45.16,34.52,16.31,24.33,22.77,13.11,17.04,44.69,16.85,19.86,25.95,38.35,51.23
2006-04-13 00:00:00+00:00,63.89,86700.0,45.25,25.27,201.28,70.93,45.19,34.76,16.35,24.39,22.66,13.01,17.1,44.84,16.82,19.74,26.06,38.24,51.32
2006-04-17 00:00:00+00:00,62.29,86300.0,45.67,24.82,203.61,70.63,44.98,34.6,16.27,24.29,22.46,13.07,17.05,44.39,16.72,19.53,25.98,38.28,51.72
2006-04-18 00:00:00+00:00,63.65,86100.0,46.86,25.25,202.32,72.08,45.36,35.1,16.37,24.78,22.78,13.32,17.4,44.49,17.06,19.97,26.22,38.77,52.97
2006-04-19 00:00:00+00:00,63.1,86825.0,46.97,25.27,205.46,70.82,45.27,35.11,16.52,24.73,22.62,13.61,17.32,44.66,16.93,19.71,26.09,38.83,53.6
2006-04-20 00:00:00+00:00,65.0,86450.0,46.22,25.44,207.71,70.96,45.43,35.1,16.57,25.16,22.62,13.46,17.41,44.81,16.66,19.59,26.21,38.77,53.28
2006-04-21 00:00:00+00:00,64.44,86600.0,47.33,25.33,218.77,70.65,45.55,35.01,16.59,24.97,22.72,13.58,17.35,44.88,16.67,19.56,26.21,38.28,54.18
2006-04-24 00:00:00+00:00,63.2,86800.0,46.96,25.3,220.47,71.04,45.51,35.16,16.47,24.7,22.69,13.77,17.3,45.09,16.79,19.43,26.24,38.05,53.69
2006-04-25 00:00:00+00:00,63.6,86950.0,46.51,25.33,213.79,71.52,45.42,34.78,16.39,24.61,22.69,13.94,17.25,45.62,16.83,19.55,26.23,38.12,53.31
2006-04-26 00:00:00+00:00,65.5,88700.0,46.36,25.44,213.2,72.11,45.68,35.14,16.54,24.67,22.68,14.0,17.42,46.21,17.2,19.9,26.44,38.42,52.6
2006-04-27 00:00:00+00:00,66.67,88000.0,46.18,25.67,210.23,72.57,45.76,36.21,16.67,24.87,22.81,14.2,17.35,46.5,17.35,20.04,27.07,38.13,52.03
2006-04-28 00:00:00+00:00,67.66,89000.0,46.98,25.79,209.18,71.24,45.73,37.39,16.63,24.74,20.21,13.88,17.68,46.37,17.24,19.87,27.69,37.62,52.58
2006-05-01 00:00:00+00:00,66.9,89650.0,47.09,25.64,199.65,71.14,45.72,36.89,16.63,24.61,20.33,13.87,17.53,46.11,17.2,19.73,27.41,38.38,52.87
2006-05-02 00:00:00+00:00,68.84,89280.0,48.35,25.71,197.6,71.31,45.78,37.48,16.74,24.78,20.1,13.73,17.57,46.29,17.2,19.63,27.36,38.57,53.91
2006-05-03 00:00:00+00:00,68.38,88700.0,47.66,25.65,197.28,71.55,45.53,37.45,16.61,24.55,19.39,13.62,17.56,44.78,17.09,19.63,27.35,39.01,53.16
2006-05-04 00:00:00+00:00,68.37,88000.0,47.73,25.94,197.57,71.32,45.46,37.64,16.68,24.66,19.62,13.59,17.6,44.5,17.05,19.73,27.69,38.77,52.77
2006-05-05 00:00:00+00:00,69.1,88710.0,48.0,26.21,197.35,72.05,45.8,38.43,16.93,24.78,19.92,13.75,17.73,44.39,17.08,19.86,27.97,39.48,53.35
2006-05-08 00:00:00+00:00,69.1,89200.0,47.74,26.09,197.59,71.97,45.81,37.98,17.19,24.76,19.86,13.54,17.82,44.88,17.19,19.8,27.78,39.75,53.11
2006-05-09 00:00:00+00:00,68.27,89899.0,48.4,26.09,204.6,72.27,45.54,37.91,17.31,24.75,19.77,13.42,17.8,45.01,17.3,19.76,27.74,40.0,53.3
2006-05-10 00:00:00+00:00,67.86,89800.0,48.41,25.87,201.69,71.98,45.51,37.83,17.27,24.92,19.9,13.55,17.64,44.88,17.21,19.45,27.6,39.92,53.52
2006-05-11 00:00:00+00:00,65.5,89900.0,48.28,25.73,193.69,71.6,45.91,37.2,17.19,24.8,19.43,13.23,17.48,44.33,17.17,19.19,27.41,39.48,53.17
2006-05-12 00:00:00+00:00,65.07,89503.0,47.26,25.56,187.25,71.54,45.9,36.51,17.11,24.65,19.39,13.3,17.26,43.82,16.85,19.12,27.28,38.89,52.14
2006-05-15 00:00:00+00:00,65.16,89910.0,46.62,25.77,188.29,71.97,46.79,36.69,17.42,24.93,19.45,13.29,17.53,44.27,16.96,18.96,27.48,39.63,51.94
2006-05-16 00:00:00+00:00,62.46,90500.0,46.98,25.94,185.84,71.34,47.01,36.51,17.38,25.24,19.33,13.5,17.54,44.64,16.95,19.07,27.59,40.16,51.91
2006-05-17 00:00:00+00:00,62.72,90650.0,45.77,25.66,187.44,70.57,46.92,35.63,17.26,24.68,19.1,13.17,17.1,44.07,16.51,18.53,27.0,39.27,50.42
2006-05-18 00:00:00+00:00,60.73,92100.0,45.58,25.46,185.68,70.04,46.93,35.21,17.26,25.25,19.18,13.1,16.83,43.72,16.27,18.29,26.67,39.59,50.18
2006-05-19 00:00:00+00:00,62.0,91500.0,45.4,25.47,185.2,69.71,46.74,35.22,17.3,24.74,18.96,13.03,16.78,43.13,16.62,18.59,26.83,39.68,50.64
2006-05-22 00:00:00+00:00,60.92,92900.0,45.21,25.4,185.66,69.48,46.71,35.13,17.28,24.73,19.22,12.89,16.71,43.24,16.6,18.52,27.07,39.7,50.92
2006-05-23 00:00:00+00:00,60.7,91100.0,45.11,25.36,187.98,69.32,46.82,34.74,17.27,24.75,19.15,12.81,16.9,43.41,16.6,18.57,27.17,39.84,50.59
2006-05-24 00:00:00+00:00,60.88,92200.0,44.73,25.54,190.82,69.27,47.43,34.72,17.45,24.39,19.75,13.11,16.79,43.67,16.74,18.5,27.21,40.27,50.35
2006-05-25 00:00:00+00:00,61.83,92010.0,46.19,25.66,191.69,69.59,47.46,35.3,17.59,24.72,19.95,13.38,16.8,44.02,16.9,18.74,27.25,41.46,51.54
2006-05-26 00:00:00+00:00,61.08,92500.0,46.46,25.59,190.87,70.12,47.65,35.61,17.63,24.84,19.93,13.37,16.91,43.91,17.25,18.94,27.31,41.63,51.59
2006-05-30 00:00:00+00:00,58.84,92100.0,45.39,25.39,186.16,69.6,46.99,34.96,17.31,23.82,19.45,13.34,16.61,43.32,16.99,18.59,26.91,40.5,50.43
2006-05-31 00:00:00+00:00,57.45,92290.0,46.43,25.54,186.1,69.38,47.28,35.13,17.45,24.21,19.03,13.53,16.67,43.21,17.14,18.77,26.96,40.62,51.03
2006-06-01 00:00:00+00:00,59.75,91990.0,46.57,25.76,191.5,70.06,47.62,35.9,17.41,24.58,19.17,13.53,16.84,43.4,17.7,19.23,27.48,40.57,51.2
2006-06-02 00:00:00+00:00,59.26,91750.0,47.17,25.84,189.91,69.05,47.69,36.09,17.4,24.68,19.12,13.46,17.04,42.97,17.58,19.21,27.68,40.1,51.65
2006-06-05 00:00:00+00:00,57.67,91800.0,46.09,25.51,187.41,68.65,47.21,35.4,17.21,24.34,18.91,13.18,16.86,42.36,17.49,18.98,27.35,39.57,50.31
2006-06-06 00:00:00+00:00,57.4,91500.0,45.76,25.76,195.19,69.26,47.85,34.91,17.24,24.65,18.59,13.15,16.79,42.51,17.58,19.07,27.48,39.43,50.6
2006-06-07 00:00:00+00:00,56.29,90900.0,44.39,25.65,193.45,68.73,48.03,34.81,17.19,24.69,18.52,12.88,16.84,42.41,17.49,19.15,27.71,39.44,49.28
2006-06-08 00:00:00+00:00,58.4,90401.0,44.93,25.77,196.85,66.89,48.33,34.89,17.2,24.7,18.58,12.87,16.81,43.6,17.48,19.05,28.13,39.66,49.91
2006-06-09 00:00:00+00:00,56.94,90973.0,44.67,25.4,193.48,67.41,48.19,34.68,17.26,24.58,18.42,12.81,16.58,43.37,17.51,18.95,28.07,39.52,49.26
2006-06-12 00:00:00+00:00,54.79,90650.0,44.72,25.25,190.96,66.88,48.19,34.27,17.17,24.26,18.24,12.6,16.41,43.26,17.53,18.85,28.11,39.4,48.79
2006-06-13 00:00:00+00:00,56.06,90500.0,44.09,25.15,193.45,66.8,47.93,33.39,17.13,24.47,18.07,12.51,16.23,43.12,17.77,18.98,27.24,39.85,47.46
2006-06-14 00:00:00+00:00,55.37,90100.0,44.91,25.27,192.39,67.48,48.09,32.93,17.09,24.35,18.38,12.55,16.28,43.68,17.87,19.02,27.02,40.0,48.42
2006-06-15 00:00:00+00:00,57.07,91800.0,46.15,25.43,195.7,68.21,48.26,33.45,17.18,24.96,18.54,13.03,16.58,43.72,18.24,19.36,27.18,40.8,49.53
2006-06-16 00:00:00+00:00,55.32,91600.0,45.59,25.3,195.55,67.68,48.43,33.08,17.25,25.02,18.57,13.5,16.51,43.83,18.28,19.57,27.07,40.51,49.26
2006-06-19 00:00:00+00:00,54.98,92600.0,44.66,25.14,194.26,67.44,48.17,32.91,17.14,25.06,18.95,13.59,16.24,43.71,18.31,19.35,26.99,40.47,48.08
2006-06-20 00:00:00+00:00,55.24,92300.0,44.66,25.12,193.78,67.72,48.31,33.36,17.09,25.39,18.96,13.56,16.17,44.27,18.14,19.7,27.0,40.61,48.08
2006-06-21 00:00:00+00:00,55.61,92500.0,45.25,25.1,201.27,67.99,48.51,33.95,17.17,25.64,19.39,13.82,15.98,44.46,17.97,19.77,27.07,41.0,48.64
2006-06-22 00:00:00+00:00,57.27,91980.0,45.55,24.97,200.18,67.02,48.03,33.83,17.11,25.63,19.22,13.63,15.96,44.49,17.95,19.7,26.97,40.65,48.57
2006-06-23 00:00:00+00:00,56.54,92100.0,45.59,24.91,202.63,66.95,48.14,33.67,17.07,25.4,18.91,14.17,15.95,44.39,18.0,19.75,26.61,40.2,48.68
2006-06-26 00:00:00+00:00,56.7,91500.0,46.34,24.94,202.31,66.99,47.27,34.19,17.1,25.46,19.17,13.95,16.21,44.6,17.97,19.72,26.75,40.3,49.28
2006-06-27 00:00:00+00:00,55.2,91450.0,46.67,24.7,201.36,66.54,46.76,33.65,16.97,25.24,19.21,13.79,16.06,44.41,17.99,19.51,26.46,39.94,49.97
2006-06-28 00:00:00+00:00,53.84,92050.0,47.65,24.73,203.26,66.48,46.5,34.0,16.93,25.52,19.46,13.87,16.13,44.42,18.03,19.62,26.91,40.18,51.21
2006-06-29 00:00:00+00:00,56.68,92200.0,48.49,24.99,209.11,67.37,47.02,35.16,17.19,26.1,19.72,14.02,16.37,45.4,18.22,20.03,27.38,40.84,52.25
2006-06-30 00:00:00+00:00,55.05,91659.0,48.19,24.76,209.87,66.7,47.05,34.6,17.17,26.49,19.58,13.78,16.53,44.29,18.34,20.15,27.25,40.39,51.4
2006-07-03 00:00:00+00:00,55.7,91600.0,48.73,25.03,211.81,67.74,47.23,35.61,17.31,26.63,19.91,14.09,16.61,44.85,18.37,20.18,27.39,39.88,52.07
2006-07-05 00:00:00+00:00,54.79,90200.0,49.6,25.02,210.94,67.53,47.14,35.22,17.17,26.68,19.62,13.86,16.68,44.55,18.35,20.03,27.16,39.42,52.4
2006-07-06 00:00:00+00:00,53.6,90250.0,49.68,25.16,211.81,67.81,47.52,35.26,17.3,26.66,19.73,13.79,16.68,44.97,18.41,20.11,27.42,39.17,53.17
2006-07-07 00:00:00+00:00,53.25,90200.0,49.45,25.01,210.44,66.36,47.6,35.22,17.24,26.88,19.58,14.06,16.68,45.01,18.46,19.92,27.66,38.57,52.65
2006-07-10 00:00:00+00:00,52.86,91000.0,49.91,25.12,209.31,66.57,47.85,35.36,17.42,26.77,19.75,13.88,16.82,45.39,18.22,20.08,27.75,38.72,52.81
2006-07-11 00:00:00+00:00,53.49,90850.0,50.71,24.98,212.49,66.4,47.71,35.61,17.49,27.1,19.41,13.83,16.55,45.6,18.13,19.91,27.96,38.68,53.6
2006-07-12 00:00:00+00:00,50.9,90450.0,50.37,24.83,208.83,65.54,47.6,35.09,17.39,26.68,19.02,13.53,16.33,45.09,18.08,19.67,27.65,37.86,53.59
2006-07-13 00:00:00+00:00,50.22,89700.0,50.43,24.54,204.62,64.46,47.32,34.38,17.21,26.86,18.7,13.41,16.11,45.04,17.68,19.33,27.61,37.03,53.68
2006-07-14 00:00:00+00:00,48.7,89800.0,51.54,24.12,201.95,63.88,47.47,33.96,17.03,26.28,18.73,13.59,15.79,44.34,17.69,19.26,27.53,36.1,54.37
2006-07-17 00:00:00+00:00,50.34,90150.0,50.37,24.31,204.15,63.99,47.82,33.83,17.05,26.44,18.89,13.72,15.79,44.46,17.8,19.23,27.84,36.07,53.62
2006-07-18 00:00:00+00:00,50.85,90200.0,50.9,24.38,201.73,64.48,47.58,33.81,17.39,26.68,19.11,14.0,15.91,44.46,17.96,19.23,27.72,36.2,54.13
2006-07-19 00:00:00+00:00,52.0,90850.0,51.24,24.7,199.7,66.05,48.14,35.76,17.49,27.14,19.66,14.34,16.41,45.37,18.28,19.68,28.77,37.06,54.17
2006-07-20 00:00:00+00:00,58.15,90600.0,50.72,24.4,193.75,65.54,48.18,35.7,17.5,27.12,19.2,14.38,16.7,45.35,18.17,19.64,28.75,37.13,53.83
2006-07-21 00:00:00+00:00,58.36,90200.0,50.05,24.22,195.25,65.0,48.47,35.84,17.52,27.16,20.06,14.38,16.79,44.91,18.2,19.41,28.91,36.66,53.56
2006-07-24 00:00:00+00:00,59.03,91000.0,51.46,24.5,195.65,65.98,48.66,36.71,17.56,28.32,20.17,14.25,17.46,45.58,18.49,19.85,28.78,37.25,54.76
2006-07-25 00:00:00+00:00,59.52,90550.0,51.99,24.56,194.87,65.9,48.68,37.07,17.66,28.55,20.35,14.2,17.58,45.56,19.27,20.05,28.72,37.45,55.08
2006-07-26 00:00:00+00:00,61.39,91190.0,52.41,24.55,192.94,65.84,48.72,37.08,17.74,29.21,20.48,14.29,17.69,45.39,19.63,20.36,28.78,36.62,55.8
2006-07-27 00:00:00+00:00,60.94,91180.0,52.59,24.52,191.39,66.12,49.12,37.13,17.69,29.8,20.06,14.15,18.07,45.21,19.75,20.29,28.46,36.5,55.69
2006-07-28 00:00:00+00:00,63.04,91490.0,51.29,24.8,194.25,66.82,49.4,37.77,17.77,29.9,20.38,14.34,18.39,45.51,20.01,20.54,29.41,37.28,56.13
2006-07-31 00:00:00+00:00,65.32,91600.0,51.08,24.55,193.49,67.22,49.11,37.89,17.76,29.28,20.22,14.24,18.31,45.02,19.96,20.6,29.38,37.31,56.75
2006-08-01 00:00:00+00:00,64.57,91501.0,51.44,24.46,187.94,66.11,49.21,37.8,17.69,29.68,20.16,14.01,18.31,44.8,19.81,20.26,29.46,36.97,57.12
2006-08-02 00:00:00+00:00,65.51,91500.0,51.23,24.49,183.8,66.27,49.58,37.78,17.69,29.83,20.42,14.09,18.04,46.69,20.35,20.42,29.63,37.2,57.37
2006-08-03 00:00:00+00:00,66.89,91300.0,50.86,24.58,187.88,66.28,49.53,37.92,17.57,30.24,20.34,14.05,17.97,47.62,20.57,20.39,29.74,37.5,57.28
2006-08-04 00:00:00+00:00,65.65,91710.0,50.99,24.64,187.11,65.91,49.88,37.47,17.51,30.07,20.41,13.91,18.3,47.62,20.61,20.56,29.88,37.62,57.55
2006-08-07 00:00:00+00:00,64.6,92700.0,51.89,24.55,189.16,65.57,49.68,37.6,17.41,29.69,20.35,13.91,18.35,47.58,20.49,20.28,29.63,37.58,58.0
2006-08-08 00:00:00+00:00,62.26,93000.0,52.18,24.29,190.69,65.67,49.9,37.37,17.49,29.8,20.45,14.08,18.43,47.84,20.44,20.42,29.25,37.28,58.03
2006-08-09 00:00:00+00:00,61.12,92800.0,52.4,24.25,188.66,65.72,49.71,36.83,17.47,30.15,20.54,14.22,18.59,47.69,20.13,20.6,28.54,36.81,58.05
2006-08-10 00:00:00+00:00,61.58,93100.0,52.3,24.54,187.29,66.03,49.9,36.59,17.52,30.05,20.55,14.39,18.46,48.27,20.11,20.67,28.43,37.64,58.36
2006-08-11 00:00:00+00:00,61.18,93100.0,52.69,24.41,184.43,65.8,49.83,36.49,17.47,29.52,20.53,14.26,18.36,48.27,20.11,20.75,28.48,37.47,58.69
2006-08-14 00:00:00+00:00,61.46,92685.0,52.06,24.65,184.9,66.85,50.18,36.45,17.56,29.72,20.61,14.54,18.54,47.87,19.96,20.66,28.37,37.81,58.29
2006-08-15 00:00:00+00:00,63.87,92700.0,51.92,24.94,190.68,67.2,50.57,37.41,17.69,29.77,20.76,14.95,18.77,48.41,20.21,20.94,28.63,37.35,57.81
2006-08-16 00:00:00+00:00,65.34,94550.0,51.19,25.32,194.05,68.95,50.73,37.77,17.7,29.94,20.83,14.78,19.02,48.4,20.13,20.85,28.84,37.39,56.87
2006-08-17 00:00:00+00:00,64.96,94450.0,51.77,25.48,193.09,69.19,50.43,37.76,17.64,28.23,20.83,15.04,19.2,48.33,20.27,20.85,28.86,37.56,57.3
2006-08-18 00:00:00+00:00,65.27,95300.0,52.64,25.54,191.87,69.65,50.58,37.96,17.69,28.73,21.75,14.94,19.23,48.37,20.31,20.96,28.77,37.44,58.16
2006-08-21 00:00:00+00:00,63.97,95800.0,52.35,25.51,188.84,69.11,50.46,37.76,17.64,28.83,22.03,14.88,18.94,48.69,20.34,21.02,28.82,37.11,58.77
2006-08-22 00:00:00+00:00,64.99,95300.0,52.08,25.51,189.33,68.83,50.37,37.67,17.73,28.9,21.61,14.73,19.18,48.9,20.33,21.07,28.55,37.09,59.09
2006-08-23 00:00:00+00:00,64.7,95100.0,51.4,25.38,186.9,68.58,50.18,37.81,17.69,29.42,21.65,14.57,19.3,48.8,20.29,20.94,28.58,36.83,58.61
2006-08-24 00:00:00+00:00,65.18,96300.0,52.22,25.42,187.05,69.2,51.03,37.94,17.77,29.13,21.71,14.63,19.37,48.9,20.28,21.1,28.82,36.78,59.52
2006-08-25 00:00:00+00:00,66.08,96000.0,52.25,25.42,186.82,69.64,51.07,37.81,17.77,29.4,21.8,14.66,19.36,48.76,20.39,21.13,28.57,36.93,59.28
2006-08-28 00:00:00+00:00,64.38,95900.0,51.78,25.48,190.67,70.02,51.0,38.22,17.85,29.77,21.88,14.78,19.58,48.85,20.61,21.28,28.75,37.39,59.0
2006-08-29 00:00:00+00:00,63.9,96000.0,51.45,25.68,189.66,70.96,51.01,38.18,18.02,30.01,21.79,14.76,19.62,49.02,20.81,21.42,28.53,37.44,58.42
2006-08-30 00:00:00+00:00,64.36,95801.0,51.02,25.74,190.57,70.8,51.01,37.98,17.95,29.94,21.76,14.99,19.72,49.46,20.76,21.55,28.4,37.55,57.49
2006-08-31 00:00:00+00:00,65.21,96097.0,50.4,25.58,189.45,70.59,51.06,37.92,17.89,29.76,21.67,14.9,19.59,49.58,20.72,21.42,28.45,37.64,56.96
2006-09-01 00:00:00+00:00,65.72,96000.0,50.74,25.64,189.49,70.97,51.11,37.98,17.99,30.06,21.79,14.74,19.88,49.59,21.04,21.66,28.5,38.25,57.32
2006-09-05 00:00:00+00:00,68.7,96400.0,51.92,25.51,192.37,70.48,50.79,38.04,17.96,30.21,21.6,15.07,19.79,49.31,21.1,21.62,28.51,38.35,57.64
2006-09-06 00:00:00+00:00,67.31,96051.0,51.04,25.5,190.26,69.99,50.48,38.11,17.84,30.38,21.6,14.86,19.71,49.21,21.0,21.59,28.69,38.21,56.54
2006-09-07 00:00:00+00:00,69.97,95990.0,51.18,25.57,189.43,69.22,50.11,37.54,17.76,29.82,21.45,15.23,19.52,49.29,20.82,21.5,28.38,38.33,56.97
2006-09-08 00:00:00+00:00,69.7,96100.0,50.26,25.54,189.11,70.32,50.22,37.59,17.8,30.13,21.59,15.13,19.62,48.97,20.87,21.56,28.64,39.32,56.23
2006-09-11 00:00:00+00:00,69.68,96200.0,48.52,25.86,192.24,70.55,50.57,37.7,17.78,30.3,21.85,15.5,19.82,49.6,21.03,21.64,28.69,39.97,54.66
2006-09-12 00:00:00+00:00,69.81,96490.0,48.04,26.04,196.15,71.73,50.41,38.21,17.88,30.93,21.87,15.51,20.08,49.54,21.23,21.83,28.93,40.46,54.46
2006-09-13 00:00:00+00:00,71.32,96750.0,48.83,26.17,203.49,71.67,50.39,38.54,17.93,30.15,21.91,15.59,20.04,48.51,21.2,21.77,29.05,40.47,55.01
2006-09-14 00:00:00+00:00,71.29,96900.0,48.56,26.12,202.19,71.89,50.33,38.62,17.92,30.11,22.21,15.67,20.05,48.68,21.46,21.91,29.18,40.71,54.46
2006-09-15 00:00:00+00:00,71.22,96400.0,48.36,26.18,205.15,72.3,50.37,38.99,17.93,30.16,22.64,15.53,19.94,48.78,21.2,21.81,29.36,40.58,54.41
2006-09-18 00:00:00+00:00,71.02,95500.0,49.19,26.19,207.55,71.69,50.67,38.69,17.86,29.94,22.59,15.46,20.02,48.46,20.91,21.78,29.29,40.48,55.8
2006-09-19 00:00:00+00:00,70.9,94500.0,48.43,26.18,202.11,71.37,50.68,38.87,17.84,30.22,22.65,15.34,20.05,48.79,20.93,21.92,29.45,40.82,55.13
2006-09-20 00:00:00+00:00,72.34,94880.0,47.64,26.3,198.7,72.72,50.69,39.22,17.87,30.78,22.92,17.06,20.24,49.37,21.34,22.33,29.72,41.13,53.96
2006-09-21 00:00:00+00:00,71.75,94201.0,48.56,26.05,203.63,71.14,50.72,38.88,17.77,30.79,22.69,17.2,20.06,49.45,21.48,22.47,29.55,40.79,54.52
2006-09-22 00:00:00+00:00,70.16,93690.0,48.47,26.02,202.09,70.8,50.51,38.89,17.68,30.85,22.48,16.68,20.02,49.51,21.9,22.59,29.48,40.64,54.63
2006-09-25 00:00:00+00:00,72.81,93525.0,48.66,26.39,202.19,71.48,50.69,38.96,17.85,30.79,22.73,17.09,20.16,49.9,22.29,22.84,29.77,41.09,54.76
2006-09-26 00:00:00+00:00,74.6,94400.0,49.77,26.81,203.64,71.92,51.07,38.95,17.94,30.65,22.94,17.3,20.19,50.05,22.2,23.12,29.85,41.45,55.91
2006-09-27 00:00:00+00:00,73.44,95000.0,50.24,26.73,201.66,71.56,51.19,38.9,17.97,31.12,23.14,17.06,20.2,50.25,21.68,22.4,29.62,41.66,56.5
2006-09-28 00:00:00+00:00,74.02,95200.0,50.5,26.84,201.99,71.48,51.25,39.16,18.07,30.87,23.11,17.11,20.12,49.87,21.54,22.5,29.57,41.92,56.78
2006-09-29 00:00:00+00:00,73.99,95800.0,50.76,26.7,201.15,71.43,51.28,39.0,17.96,30.75,23.07,16.88,20.16,49.65,21.67,22.61,29.62,41.51,56.48
2006-10-02 00:00:00+00:00,71.95,95800.0,50.49,26.86,200.92,71.37,51.4,38.93,17.89,30.58,23.07,16.8,20.13,49.7,21.45,22.62,29.51,40.77,56.39
2006-10-03 00:00:00+00:00,71.2,97473.0,49.26,27.01,202.22,71.18,51.73,39.66,17.91,30.81,23.08,17.03,20.2,49.9,21.66,22.82,29.87,41.63,55.05
2006-10-04 00:00:00+00:00,72.45,97699.0,49.85,27.31,208.06,72.44,51.99,39.73,18.01,30.78,23.56,17.28,20.14,50.74,21.78,23.03,29.99,41.7,56.06
2006-10-05 00:00:00+00:00,71.92,98995.0,49.99,27.45,206.11,72.29,51.42,39.66,18.02,30.4,23.55,17.37,19.9,50.88,21.47,22.72,29.89,40.74,56.66
2006-10-06 00:00:00+00:00,71.34,98400.0,49.82,27.34,210.46,72.48,51.38,39.2,17.99,30.72,23.5,17.3,19.84,50.54,21.37,22.65,29.75,40.67,56.83
2006-10-09 00:00:00+00:00,71.73,98500.0,49.49,27.36,214.71,73.23,51.23,39.41,17.86,30.72,23.38,17.65,19.66,50.34,21.64,22.58,29.81,40.58,56.01
2006-10-10 00:00:00+00:00,70.94,99390.0,50.01,27.46,213.54,73.39,51.3,39.76,17.71,30.69,23.35,17.83,19.59,50.24,22.03,22.49,29.7,40.5,56.56
2006-10-11 00:00:00+00:00,70.39,99310.0,49.38,27.36,213.46,73.39,51.41,39.85,17.74,30.96,23.23,17.67,19.4,50.05,22.16,22.53,29.65,40.66,56.0
2006-10-12 00:00:00+00:00,72.34,99825.0,50.1,27.4,213.93,73.84,51.2,40.37,17.71,31.38,23.8,18.06,19.66,49.99,22.59,22.77,29.72,40.67,56.94
2006-10-13 00:00:00+00:00,72.11,98600.0,50.24,27.22,213.86,75.04,51.0,40.29,17.7,31.7,23.93,18.14,19.62,49.77,22.59,22.81,29.74,40.79,57.57
2006-10-16 00:00:00+00:00,72.47,98900.0,50.91,26.9,211.09,75.59,51.27,39.93,17.79,32.11,23.99,18.06,19.67,49.7,22.18,22.8,29.63,40.67,58.77
2006-10-17 00:00:00+00:00,71.4,98750.0,50.81,26.9,210.53,75.8,52.18,40.14,17.6,32.26,23.98,17.72,19.71,49.86,22.23,22.52,29.86,40.63,58.42
2006-10-18 00:00:00+00:00,71.63,99425.0,50.56,26.9,209.86,78.3,53.82,39.49,17.67,32.64,24.05,17.83,19.98,50.39,22.15,22.52,30.13,40.69,58.22
2006-10-19 00:00:00+00:00,75.92,99980.0,51.37,26.69,213.24,78.34,53.73,39.21,18.05,32.65,23.86,17.95,19.68,50.31,22.69,22.91,30.08,40.81,58.69
2006-10-20 00:00:00+00:00,76.84,99900.0,51.09,26.83,230.07,78.88,54.19,39.42,18.79,33.49,23.98,18.05,19.68,50.46,23.16,23.27,29.99,41.55,58.54
2006-10-23 00:00:00+00:00,78.3,100000.0,51.37,26.88,240.63,79.82,54.57,39.64,19.01,33.54,23.99,18.22,19.72,50.94,23.34,23.4,30.02,43.16,58.85
2006-10-24 00:00:00+00:00,77.9,100600.0,52.35,26.8,236.89,79.76,54.29,39.43,18.91,33.71,23.85,17.97,19.38,50.62,23.35,23.39,29.84,43.18,58.82
2006-10-25 00:00:00+00:00,78.51,101900.0,52.89,26.94,243.54,80.05,54.35,39.54,18.97,33.81,23.88,17.71,19.5,50.82,23.08,23.58,29.79,42.8,59.77
2006-10-26 00:00:00+00:00,79.0,104700.0,52.82,26.92,242.79,79.8,54.35,39.96,18.95,33.91,23.91,17.81,19.4,51.12,23.13,23.85,29.82,43.55,60.28
2006-10-27 00:00:00+00:00,77.29,103300.0,52.97,26.64,237.84,79.12,53.83,39.56,18.84,33.82,23.9,17.22,19.35,51.17,23.01,23.91,29.73,42.7,60.15
2006-10-30 00:00:00+00:00,77.3,104500.0,51.96,26.63,238.52,79.77,53.46,39.69,18.8,33.49,24.06,17.62,19.34,51.37,22.81,23.18,29.75,41.69,59.62
2006-10-31 00:00:00+00:00,77.93,105475.0,52.59,26.56,238.43,80.49,53.23,39.68,18.78,33.33,24.21,17.57,18.95,51.03,23.03,22.78,29.71,41.48,60.11
2006-11-01 00:00:00+00:00,76.08,104790.0,52.42,26.4,233.98,80.03,53.05,39.26,18.75,33.52,24.3,17.57,18.87,50.75,22.7,22.76,29.69,41.11,59.81
2006-11-02 00:00:00+00:00,75.91,104106.0,53.05,26.26,235.19,79.92,53.62,39.23,18.78,33.32,24.26,17.38,18.98,50.93,22.88,22.77,29.59,40.64,59.92
2006-11-03 00:00:00+00:00,75.25,105000.0,53.93,26.3,236.14,79.69,53.55,39.22,18.69,33.1,24.23,16.91,18.88,51.04,22.67,22.59,29.7,40.0,60.73
2006-11-06 00:00:00+00:00,76.61,107200.0,54.6,26.68,238.71,80.73,54.03,39.86,18.82,33.62,24.32,17.22,19.19,51.17,23.06,22.76,29.98,39.97,61.37
2006-11-07 00:00:00+00:00,77.38,107000.0,53.93,26.89,236.52,80.86,54.26,39.73,18.86,33.68,24.41,17.31,19.4,51.61,23.06,22.7,30.02,40.1,61.05
2006-11-08 00:00:00+00:00,79.25,107850.0,54.4,26.92,237.74,80.98,53.69,39.85,18.85,32.54,24.44,17.47,19.09,51.55,23.11,22.69,30.36,39.58,62.39
2006-11-09 00:00:00+00:00,80.1,107200.0,54.94,26.7,236.55,80.83,52.24,39.52,18.75,31.47,24.68,17.64,18.53,51.36,22.47,22.23,30.3,39.04,63.07
2006-11-10 00:00:00+00:00,79.89,107000.0,54.42,26.61,237.01,80.25,52.35,39.83,18.68,31.64,24.66,17.86,18.44,51.28,22.22,21.91,30.25,39.11,62.91
2006-11-13 00:00:00+00:00,81.07,106350.0,55.06,26.75,240.76,80.52,52.07,39.87,18.66,31.89,24.75,18.25,18.57,50.92,22.23,22.13,30.1,38.98,62.92
2006-11-14 00:00:00+00:00,81.7,106475.0,55.08,26.92,244.89,81.59,52.56,39.94,18.71,32.21,24.74,18.24,18.83,50.88,22.16,22.4,30.29,40.11,62.93
2006-11-15 00:00:00+00:00,80.79,107400.0,55.15,27.08,246.21,81.43,52.55,39.69,18.75,32.4,24.64,18.19,19.03,50.81,21.83,22.22,29.89,40.13,63.23
2006-11-16 00:00:00+00:00,82.28,106801.0,54.05,27.2,248.2,81.75,52.54,40.03,18.95,32.77,24.94,18.17,19.19,51.14,21.79,22.12,30.11,40.32,61.43
2006-11-17 00:00:00+00:00,82.52,106800.0,54.48,27.42,249.64,82.05,53.1,39.87,19.0,33.07,24.88,18.51,19.52,51.41,22.32,22.18,29.92,39.98,61.78
2006-11-20 00:00:00+00:00,83.11,107300.0,54.59,27.22,247.77,81.56,52.92,40.07,18.91,32.71,25.29,18.53,19.4,51.27,22.33,22.15,29.83,40.16,61.23
2006-11-21 00:00:00+00:00,85.16,107400.0,55.36,27.08,255.08,81.41,52.59,39.94,18.89,32.45,25.32,18.53,19.33,50.93,22.02,22.45,29.52,40.24,62.04
2006-11-22 00:00:00+00:00,86.8,107700.0,54.87,27.23,254.26,81.79,52.73,39.81,18.93,32.57,25.32,18.7,19.44,51.23,21.97,22.2,29.3,40.42,61.63
2006-11-24 00:00:00+00:00,88.07,107610.0,54.27,27.0,252.75,81.64,52.3,39.54,18.86,32.42,25.18,18.64,19.29,51.14,21.97,22.2,29.35,40.31,61.18
2006-11-27 00:00:00+00:00,86.06,106300.0,54.2,26.82,242.62,79.98,52.14,39.01,18.71,32.01,24.95,18.0,19.34,50.59,21.97,21.88,29.04,39.23,61.26
2006-11-28 00:00:00+00:00,88.24,105700.0,55.09,26.63,244.99,79.89,52.39,38.65,18.76,32.05,24.87,17.98,19.4,50.77,22.07,21.98,28.97,39.31,62.69
2006-11-29 00:00:00+00:00,88.23,105590.0,56.02,26.74,242.57,80.04,52.57,39.04,18.87,32.7,25.02,18.22,19.42,50.89,22.53,22.29,29.25,39.46,64.27
2006-11-30 00:00:00+00:00,88.1,107100.0,57.02,26.69,242.65,80.39,52.34,38.71,18.95,32.66,24.85,18.12,19.72,50.55,22.8,22.33,29.07,38.8,64.93
2006-12-01 00:00:00+00:00,87.77,106900.0,57.64,26.69,240.64,79.81,52.39,38.49,18.85,33.07,24.64,17.89,19.98,50.47,22.86,22.13,29.06,38.61,65.26
2006-12-04 00:00:00+00:00,87.58,107200.0,57.95,26.77,242.67,81.78,52.64,39.18,18.95,32.8,24.82,18.34,17.86,51.05,23.02,22.27,29.28,38.96,65.74
2006-12-05 00:00:00+00:00,87.72,108000.0,58.3,26.68,243.74,82.63,52.55,39.48,19.42,33.31,24.65,17.94,17.8,51.13,23.32,22.1,29.3,39.12,65.99
2006-12-06 00:00:00+00:00,86.34,108995.0,58.0,26.56,244.6,82.32,52.44,39.17,19.58,33.06,24.53,17.01,17.79,51.36,23.39,22.33,29.3,39.17,64.51
2006-12-07 00:00:00+00:00,83.66,107410.0,57.81,26.6,241.56,82.41,52.46,39.01,19.72,32.53,24.41,16.65,17.83,51.36,23.29,22.3,29.28,39.03,64.0
2006-12-08 00:00:00+00:00,84.83,107050.0,57.42,26.68,242.3,82.09,52.37,39.12,19.79,32.51,24.88,16.93,18.05,51.43,23.51,22.56,29.23,39.01,63.82
2006-12-11 00:00:00+00:00,85.3,107300.0,58.11,26.64,242.21,81.9,52.18,39.78,19.75,32.57,25.0,17.19,18.04,51.42,23.66,22.81,29.2,38.71,63.7
2006-12-12 00:00:00+00:00,82.79,108800.0,58.22,26.96,241.13,82.32,52.08,39.84,19.79,32.28,24.9,17.11,18.05,51.28,23.96,22.85,29.16,38.42,64.46
2006-12-13 00:00:00+00:00,85.59,109800.0,58.66,26.86,239.73,82.89,51.99,39.82,19.76,32.07,25.01,17.14,18.21,51.04,23.9,22.92,29.16,38.77,65.39
2006-12-14 00:00:00+00:00,85.11,110100.0,59.9,27.39,241.3,83.4,52.61,40.11,19.83,32.27,25.45,17.14,18.33,51.0,23.98,23.06,29.35,39.3,66.55
2006-12-15 00:00:00+00:00,84.31,113700.0,59.43,28.26,240.39,83.35,52.64,40.4,19.8,32.56,25.55,16.82,18.39,51.61,23.98,23.31,29.41,39.24,65.34
2006-12-18 00:00:00+00:00,82.15,113450.0,57.81,28.75,231.63,83.47,52.89,40.34,19.79,32.44,25.29,17.04,18.53,51.65,23.85,23.35,29.5,39.17,63.83
2006-12-19 00:00:00+00:00,82.96,113200.0,58.73,28.75,234.55,83.96,53.11,40.38,19.74,32.2,25.38,16.27,18.79,51.84,23.53,23.43,29.61,38.93,65.08
2006-12-20 00:00:00+00:00,81.47,111420.0,58.07,28.86,231.68,83.96,52.76,40.34,19.73,32.04,25.46,16.27,18.8,51.9,23.5,23.29,29.6,38.75,64.31
2006-12-21 00:00:00+00:00,79.68,110000.0,57.74,28.78,228.33,83.88,52.41,40.7,19.69,32.02,25.37,16.27,18.7,51.56,23.65,23.44,29.61,38.61,64.13
2006-12-22 00:00:00+00:00,79.01,109700.0,57.34,28.63,228.02,83.3,52.14,40.06,19.58,31.7,25.08,16.28,18.63,51.36,23.52,23.35,29.57,38.47,63.75
2006-12-26 00:00:00+00:00,78.34,110000.0,57.63,28.74,228.99,83.66,52.13,40.41,19.65,31.67,25.38,16.29,18.6,51.67,23.54,23.48,29.65,38.95,64.29
2006-12-27 00:00:00+00:00,78.35,110100.0,58.37,28.8,234.25,85.01,52.42,40.95,19.7,32.1,25.4,16.27,18.76,51.86,23.82,23.73,29.74,38.99,65.06
2006-12-28 00:00:00+00:00,77.73,110000.0,58.56,28.56,231.51,84.81,52.75,40.92,19.64,32.23,25.37,16.36,18.7,51.91,23.87,23.85,29.63,38.87,65.37
2006-12-29 00:00:00+00:00,81.54,109990.0,57.97,28.36,230.47,84.97,52.43,40.4,19.53,32.27,25.27,16.3,18.58,51.74,24.04,23.8,29.34,39.01,64.78
2007-01-03 00:00:00+00:00,80.54,109000.0,55.95,28.94,234.03,85.07,52.73,40.5,19.66,32.58,25.27,16.66,18.86,51.96,23.5,24.17,29.49,40.17,62.65
2007-01-04 00:00:00+00:00,82.33,108850.0,55.41,28.77,241.87,85.98,53.39,40.6,19.67,33.38,25.23,16.82,18.92,51.56,23.2,24.3,29.54,40.36,61.47
2007-01-05 00:00:00+00:00,81.75,107200.0,55.62,28.62,243.84,85.2,52.91,40.26,19.53,32.78,25.08,16.78,18.86,51.12,22.83,23.89,29.37,40.03,61.91
2007-01-08 00:00:00+00:00,82.15,107500.0,56.33,28.62,242.03,86.5,52.82,40.39,19.65,32.78,25.33,16.99,18.76,51.23,22.97,23.78,29.29,39.7,61.41
2007-01-09 00:00:00+00:00,88.97,109350.0,55.69,28.62,242.99,87.52,52.62,40.23,19.67,32.47,25.35,16.95,18.77,51.1,23.06,23.88,29.36,40.03,60.94
2007-01-10 00:00:00+00:00,93.23,109490.0,54.72,28.62,244.97,86.49,52.53,40.52,19.7,32.65,25.1,16.9,18.79,51.71,23.12,23.74,29.27,39.94,60.01
2007-01-11 00:00:00+00:00,92.08,110000.0,54.16,28.9,250.11,86.28,52.99,40.7,19.72,32.75,25.98,16.54,18.98,52.04,23.44,23.97,29.32,40.21,60.0
2007-01-12 00:00:00+00:00,90.94,110000.0,55.47,28.88,252.75,86.88,52.92,40.43,19.65,33.15,26.41,16.65,19.11,52.33,23.6,24.11,29.3,40.53,61.42
2007-01-16 00:00:00+00:00,93.33,108850.0,54.93,29.04,252.39,88.18,52.84,40.77,19.63,33.27,26.37,16.46,19.2,52.33,23.53,24.0,29.89,40.81,60.55
2007-01-17 00:00:00+00:00,91.26,108600.0,55.84,28.94,248.89,87.48,53.11,40.8,19.67,33.31,26.32,16.67,19.29,52.87,23.44,23.82,29.92,40.72,61.25
2007-01-18 00:00:00+00:00,85.61,109050.0,55.91,28.96,244.16,86.98,53.77,40.56,19.57,33.85,26.23,16.29,19.49,53.01,23.8,24.27,29.87,40.88,60.83
2007-01-19 00:00:00+00:00,85.06,109450.0,57.02,28.16,245.12,84.11,53.81,41.08,19.53,33.75,26.33,16.43,19.52,53.46,23.83,24.06,29.73,40.81,62.16
2007-01-22 00:00:00+00:00,83.42,109100.0,56.15,28.01,240.66,84.93,53.35,41.84,19.44,33.52,26.0,16.17,19.33,53.16,23.97,24.06,29.49,40.51,61.62
2007-01-23 00:00:00+00:00,82.37,108650.0,57.21,27.85,239.76,84.91,52.81,41.98,19.47,33.84,26.01,16.29,18.91,53.1,24.03,24.22,29.71,40.39,62.97
2007-01-24 00:00:00+00:00,83.33,107675.0,57.43,27.92,249.78,85.19,53.22,42.43,19.48,34.21,26.31,16.3,19.24,52.99,24.89,24.59,30.16,41.06,63.31
2007-01-25 00:00:00+00:00,82.9,107300.0,56.39,27.69,244.29,85.28,52.95,42.3,19.4,34.04,25.77,16.15,18.91,52.51,25.0,24.22,29.77,40.67,62.15
2007-01-26 00:00:00+00:00,82.06,106700.0,56.37,27.49,248.17,85.23,52.47,41.87,19.36,34.03,25.89,16.31,18.86,52.46,24.73,24.44,29.72,40.27,62.22
2007-01-29 00:00:00+00:00,82.6,108200.0,56.4,27.58,246.48,86.18,52.53,41.68,19.31,33.68,25.84,16.43,18.69,52.48,24.81,24.57,29.66,40.23,61.88
2007-01-30 00:00:00+00:00,82.23,108940.0,57.61,27.46,247.41,86.91,52.72,42.27,19.35,33.24,25.79,16.32,18.72,52.25,25.2,24.92,29.62,39.94,62.88
2007-01-31 00:00:00+00:00,82.4,110050.0,57.46,27.47,251.0,86.72,53.05,42.91,19.38,33.12,26.11,16.32,18.82,52.47,25.57,24.88,29.87,40.29,62.64
2007-02-01 00:00:00+00:00,81.45,110600.0,58.71,27.61,241.12,86.58,53.22,43.14,19.46,33.4,25.86,16.22,19.09,52.85,25.65,24.55,29.83,40.36,63.47
2007-02-02 00:00:00+00:00,81.46,109200.0,58.37,27.64,240.99,86.73,52.87,42.91,19.52,33.1,25.55,16.57,19.22,52.85,25.9,24.66,29.82,40.61,63.86
2007-02-05 00:00:00+00:00,80.68,108800.0,58.17,27.72,233.81,87.79,52.65,42.93,19.38,32.99,25.06,16.32,19.28,52.7,25.68,24.61,29.68,40.99,63.97
2007-02-06 00:00:00+00:00,80.88,109100.0,57.85,27.67,235.98,87.33,52.41,42.96,19.44,33.04,24.97,16.19,19.24,52.25,25.49,24.6,29.85,41.04,63.79
2007-02-07 00:00:00+00:00,82.8,108601.0,57.27,27.51,235.24,87.32,52.26,43.14,19.44,32.75,24.85,16.09,19.23,52.16,25.25,24.61,29.83,41.04,63.49
2007-02-08 00:00:00+00:00,82.83,108800.0,58.15,27.24,235.75,87.39,52.22,42.91,19.37,32.5,24.76,15.9,19.17,52.25,25.4,24.51,29.57,40.81,64.06
2007-02-09 00:00:00+00:00,80.04,109101.0,57.81,27.08,231.18,86.45,52.1,42.48,19.33,32.43,24.52,15.89,19.13,52.12,25.07,24.35,29.4,40.52,63.86
2007-02-12 00:00:00+00:00,81.58,108740.0,57.02,27.16,229.37,86.48,51.99,42.49,19.39,32.45,24.49,15.84,19.01,51.9,25.11,24.27,29.6,40.33,63.33
2007-02-13 00:00:00+00:00,81.41,108200.0,57.42,27.26,229.78,86.22,51.92,42.92,19.51,32.53,24.63,15.81,19.14,52.34,25.27,24.57,29.83,40.53,64.05
2007-02-14 00:00:00+00:00,81.99,108500.0,57.33,27.79,233.2,87.02,52.3,43.32,19.38,32.61,24.97,15.95,19.27,52.48,25.27,24.95,29.94,40.44,64.18
2007-02-15 00:00:00+00:00,81.9,106710.0,56.67,27.54,230.97,86.78,52.25,43.14,19.36,32.47,25.02,16.09,19.24,52.57,25.3,24.81,29.94,40.85,63.96
2007-02-16 00:00:00+00:00,81.53,108450.0,56.23,27.34,235.21,86.84,52.03,43.17,19.37,32.77,24.4,15.89,19.07,52.63,25.47,24.87,29.73,40.95,63.92
2007-02-20 00:00:00+00:00,82.56,108900.0,55.68,27.52,236.29,87.15,51.99,43.5,19.34,32.93,24.48,16.15,19.07,52.48,25.39,24.72,29.88,42.46,63.56
2007-02-21 00:00:00+00:00,85.73,107700.0,55.54,27.37,238.17,86.92,51.62,43.51,19.25,32.53,24.92,16.36,18.9,52.33,25.28,24.73,30.08,42.21,63.48
2007-02-22 00:00:00+00:00,86.03,107360.0,56.12,27.19,238.16,86.41,51.45,43.5,19.14,31.97,24.96,16.43,18.76,52.34,25.18,24.83,30.11,41.97,63.74
2007-02-23 00:00:00+00:00,85.61,106800.0,56.44,26.96,235.55,85.73,51.24,42.99,19.12,31.78,24.54,16.0,18.58,52.43,25.14,24.81,29.63,41.87,63.86
2007-02-26 00:00:00+00:00,85.07,106800.0,56.71,27.14,232.7,85.01,51.36,42.8,19.31,32.92,24.69,16.0,18.74,52.12,25.48,24.8,29.66,42.22,64.01
2007-02-27 00:00:00+00:00,80.67,105100.0,54.46,26.62,224.61,82.42,50.36,41.46,18.77,31.96,23.67,15.5,18.23,49.54,24.56,23.66,28.59,40.72,60.98
2007-02-28 00:00:00+00:00,81.32,106190.0,54.41,26.81,224.95,81.53,50.27,41.61,18.89,32.67,23.92,15.63,18.1,51.36,25.01,24.16,28.85,40.81,60.85
2007-03-01 00:00:00+00:00,83.68,106600.0,53.68,26.88,224.34,80.94,49.88,41.45,18.83,32.55,23.85,15.95,18.16,51.51,24.94,23.97,28.82,40.45,60.27
2007-03-02 00:00:00+00:00,82.09,107000.0,53.04,26.78,219.56,79.74,49.48,40.6,18.57,32.7,23.57,15.9,17.98,51.09,24.76,23.57,28.64,40.39,59.43
2007-03-05 00:00:00+00:00,82.97,106401.0,52.75,26.54,220.7,80.54,49.39,40.05,18.73,32.75,23.39,15.57,17.91,50.79,24.27,23.34,28.3,40.1,59.41
2007-03-06 00:00:00+00:00,84.76,107300.0,53.74,26.67,229.0,82.28,49.28,40.88,18.99,33.06,23.63,16.06,18.27,50.91,24.46,23.57,28.82,40.58,60.27
2007-03-07 00:00:00+00:00,84.31,108000.0,54.26,26.37,228.05,82.41,49.41,40.74,18.92,32.74,23.45,15.69,18.32,50.22,24.07,23.05,28.54,40.49,60.82
2007-03-08 00:00:00+00:00,84.58,108990.0,54.36,26.46,227.59,81.58,49.3,41.06,19.08,33.11,23.2,15.88,18.43,50.4,24.81,23.57,28.69,40.45,61.0
2007-03-09 00:00:00+00:00,84.55,109290.0,54.37,26.36,226.71,81.83,49.64,41.13,19.25,33.3,23.17,15.82,18.43,50.28,24.84,23.55,28.69,40.06,60.38
2007-03-12 00:00:00+00:00,86.38,109200.0,54.66,26.45,227.6,82.56,49.36,41.14,19.4,33.06,23.3,16.24,18.4,50.22,25.18,23.63,28.71,39.92,60.16
2007-03-13 00:00:00+00:00,84.97,108190.0,53.87,26.18,221.74,81.33,48.54,39.34,19.18,32.37,22.69,15.84,18.08,49.48,25.32,23.34,27.83,39.01,59.35
2007-03-14 00:00:00+00:00,86.5,106800.0,54.25,26.35,224.22,82.25,48.49,39.85,19.17,32.3,23.27,16.06,18.03,49.63,25.28,23.44,27.98,38.81,60.29
2007-03-15 00:00:00+00:00,86.09,106600.0,54.69,26.51,223.32,81.98,48.35,40.18,19.19,32.24,23.17,15.9,18.12,50.08,25.1,23.49,28.35,39.04,60.01
2007-03-16 00:00:00+00:00,86.11,105310.0,54.06,26.39,220.65,81.8,48.33,39.62,19.24,32.16,23.21,15.89,18.12,49.84,25.13,23.46,28.23,39.22,59.31
2007-03-19 00:00:00+00:00,87.59,107700.0,55.09,26.63,223.84,82.45,48.51,40.08,19.29,32.41,23.63,16.34,18.39,50.13,25.54,23.74,28.48,39.54,60.36
2007-03-20 00:00:00+00:00,87.93,107998.0,55.63,26.71,222.86,82.9,48.78,40.23,19.41,32.57,23.64,16.69,18.52,50.38,25.76,23.89,28.78,40.15,61.12
2007-03-21 00:00:00+00:00,90.22,109005.0,56.65,27.25,228.5,83.65,48.9,41.32,19.67,33.03,24.22,17.28,18.74,50.93,26.41,24.34,29.5,40.55,62.17
2007-03-22 00:00:00+00:00,90.31,108000.0,57.91,27.51,231.25,83.5,48.61,40.83,19.66,32.97,24.01,17.59,18.7,51.65,26.58,24.55,29.09,40.75,63.13
2007-03-23 00:00:00+00:00,89.89,108000.0,58.52,27.51,231.15,83.36,48.33,40.88,19.58,33.18,23.79,17.35,18.61,51.61,26.42,24.62,29.07,40.66,63.69
2007-03-26 00:00:00+00:00,92.13,108200.0,59.08,27.65,232.73,83.34,48.13,41.03,19.62,32.89,23.96,17.49,18.61,51.69,26.71,24.33,28.84,40.61,64.07
2007-03-27 00:00:00+00:00,91.75,108300.0,58.9,27.49,232.04,83.1,47.95,40.92,19.57,32.58,23.54,17.59,18.48,51.18,26.8,24.35,28.6,40.31,64.27
2007-03-28 00:00:00+00:00,89.62,108290.0,58.83,27.31,231.17,82.69,47.93,40.43,19.53,32.27,23.47,17.28,18.26,50.97,26.47,24.05,28.39,39.59,64.14
2007-03-29 00:00:00+00:00,90.11,107900.0,59.52,27.31,230.69,82.96,48.2,40.86,19.61,32.8,23.56,17.27,18.43,51.17,26.62,24.27,28.72,39.65,64.72
2007-03-30 00:00:00+00:00,89.3,108990.0,58.73,27.16,229.31,82.69,48.13,40.76,19.56,32.97,23.67,17.25,18.32,51.09,26.79,24.5,28.63,39.85,64.05
2007-04-02 00:00:00+00:00,90.01,108000.0,59.42,27.11,229.49,83.52,48.01,40.64,19.77,33.6,23.56,17.26,18.37,50.98,26.81,24.44,28.28,40.23,64.65
2007-04-03 00:00:00+00:00,90.83,108295.0,59.83,27.13,236.54,84.3,48.44,41.2,19.97,33.87,23.67,17.47,18.61,50.88,27.0,24.62,28.69,40.83,65.2
2007-04-04 00:00:00+00:00,90.61,108550.0,59.99,26.97,235.75,84.4,48.96,41.2,20.16,33.86,24.2,17.66,18.72,51.0,26.66,24.56,28.55,40.78,65.46
2007-04-05 00:00:00+00:00,91.0,108849.0,60.04,26.9,235.99,84.67,49.16,41.38,20.18,33.99,24.24,17.76,18.74,50.96,26.93,24.81,28.64,40.97,65.55
2007-04-09 00:00:00+00:00,90.01,109000.0,59.95,26.71,234.34,84.76,49.23,41.57,20.23,34.07,24.26,17.66,18.85,51.17,26.97,24.81,28.58,41.14,65.2
2007-04-10 00:00:00+00:00,90.59,109800.0,61.18,26.79,233.48,84.62,49.26,41.78,20.41,34.23,24.12,17.93,18.85,51.13,27.05,24.68,28.61,40.69,65.85
2007-04-11 00:00:00+00:00,88.99,109750.0,60.8,26.84,232.5,83.48,49.44,41.7,20.23,34.07,23.87,17.68,18.88,50.99,26.7,24.41,28.41,40.12,65.17
2007-04-12 00:00:00+00:00,88.61,109750.0,61.28,27.02,233.93,83.92,49.46,41.74,20.24,34.6,24.24,17.79,19.19,51.38,26.51,24.4,28.55,40.11,65.7
2007-04-13 00:00:00+00:00,86.73,109900.0,61.15,27.17,233.38,83.28,49.8,41.65,20.33,37.48,24.29,17.72,19.34,51.27,26.63,24.41,28.79,40.24,65.72
2007-04-16 00:00:00+00:00,87.88,110000.0,61.84,27.16,237.37,84.37,50.34,42.4,20.49,37.56,24.4,17.98,19.53,51.55,26.92,24.73,29.53,40.8,66.36
2007-04-17 00:00:00+00:00,86.84,109900.0,61.91,27.04,236.64,85.2,51.56,42.57,21.02,37.33,24.5,17.97,19.51,51.69,26.87,24.46,29.31,40.89,66.56
2007-04-18 00:00:00+00:00,86.89,109725.0,61.76,26.98,238.24,83.16,51.47,44.18,21.05,37.09,24.29,17.82,19.42,51.57,26.72,24.43,29.89,40.72,66.39
2007-04-19 00:00:00+00:00,86.76,109400.0,60.99,26.88,236.06,82.71,51.87,44.19,21.09,37.43,24.36,17.85,19.63,51.46,26.96,24.49,30.05,41.03,65.76
2007-04-20 00:00:00+00:00,87.44,109500.0,62.3,26.98,241.48,82.97,52.02,44.58,21.23,38.43,24.64,18.07,19.56,51.61,27.34,24.75,30.18,42.24,67.71
2007-04-23 00:00:00+00:00,89.88,109550.0,61.59,26.73,239.78,83.52,51.72,44.36,21.05,38.57,24.44,18.02,19.11,51.47,27.27,24.52,29.95,41.53,67.23
2007-04-24 00:00:00+00:00,89.62,108850.0,61.22,26.7,239.0,86.4,51.51,44.25,21.08,38.51,24.45,17.9,18.96,51.55,26.81,24.55,29.75,41.33,66.73
2007-04-25 00:00:00+00:00,91.65,108750.0,62.19,27.2,239.23,89.0,51.67,44.81,21.09,39.1,24.62,17.98,19.09,51.67,26.84,24.58,30.17,41.43,67.85
2007-04-26 00:00:00+00:00,95.0,109400.0,62.08,27.53,240.83,88.51,51.31,44.92,21.23,39.13,24.71,18.03,19.38,51.23,26.72,24.79,29.99,41.34,68.38
2007-04-27 00:00:00+00:00,96.04,109000.0,62.0,28.3,239.74,88.75,51.26,44.58,21.22,38.71,25.58,18.17,19.3,51.22,26.5,24.74,29.88,41.03,68.22
2007-04-30 00:00:00+00:00,95.92,109200.0,61.77,28.31,235.93,89.66,51.3,44.2,21.27,38.39,25.42,17.88,19.19,52.38,26.55,24.93,29.84,40.67,67.39
2007-05-01 00:00:00+00:00,95.61,108301.0,62.22,28.5,234.73,90.5,51.57,44.34,21.45,38.05,25.81,17.68,19.28,51.21,26.63,25.14,29.97,41.02,67.63
2007-05-02 00:00:00+00:00,96.49,108600.0,62.45,28.66,233.12,89.67,51.51,44.58,21.48,38.24,25.99,17.94,19.29,50.73,26.52,25.86,29.91,40.98,67.76
2007-05-03 00:00:00+00:00,96.5,108600.0,63.18,28.68,236.85,90.18,51.38,44.71,21.56,38.48,26.3,18.09,19.48,50.43,26.67,26.82,30.03,41.05,68.49
2007-05-04 00:00:00+00:00,96.89,109250.0,62.97,28.53,235.8,90.32,51.51,44.65,21.69,38.75,25.95,18.1,19.64,50.76,27.07,26.55,30.1,40.97,68.38
2007-05-07 00:00:00+00:00,99.88,110490.0,63.19,28.6,233.87,90.49,51.33,44.74,21.85,38.84,26.08,18.12,19.85,50.57,27.15,26.66,30.23,41.26,68.62
2007-05-08 00:00:00+00:00,100.98,108501.0,63.57,28.48,233.64,90.96,50.88,44.5,21.63,38.99,26.11,18.03,19.83,50.22,26.93,26.52,30.01,40.83,69.09
2007-05-09 00:00:00+00:00,102.73,109175.0,63.33,28.62,234.86,91.92,51.21,45.14,21.65,38.85,26.14,17.91,19.91,50.44,27.06,26.87,30.26,40.68,69.12
2007-05-10 00:00:00+00:00,103.17,109200.0,62.09,28.25,230.97,92.19,49.92,44.12,21.39,38.13,25.97,17.59,19.64,50.01,26.68,26.63,29.67,40.53,67.69
2007-05-11 00:00:00+00:00,104.52,110000.0,63.56,28.4,233.6,93.33,49.74,44.24,21.47,38.81,26.23,18.05,19.82,50.14,27.15,27.0,29.77,40.55,69.26
2007-05-14 00:00:00+00:00,105.11,109350.0,64.22,28.11,231.12,92.97,50.01,43.97,21.44,38.87,26.3,18.02,19.96,50.2,27.45,27.16,29.58,40.61,69.27
2007-05-15 00:00:00+00:00,103.34,109250.0,64.11,28.14,229.23,92.32,49.38,44.14,21.38,39.28,26.32,17.92,19.86,50.48,27.7,27.78,29.67,40.42,69.17
2007-05-16 00:00:00+00:00,103.17,109000.0,64.57,28.29,236.54,93.23,50.36,44.95,21.49,39.33,26.47,18.06,20.02,51.5,28.21,27.91,30.35,40.23,69.44
2007-05-17 00:00:00+00:00,105.19,108600.0,65.15,28.06,235.72,92.74,50.12,44.59,21.27,39.16,26.39,18.12,20.05,51.54,28.29,27.51,30.37,40.17,69.74
2007-05-18 00:00:00+00:00,105.75,108351.0,66.27,28.39,235.4,95.1,50.66,44.58,21.45,39.75,26.26,18.31,20.11,51.63,28.18,27.81,30.52,40.31,70.99
2007-05-21 00:00:00+00:00,107.63,109000.0,66.25,28.5,235.54,94.26,50.74,44.59,21.16,40.15,26.45,18.38,20.1,51.46,27.81,27.78,30.43,39.75,71.27
2007-05-22 00:00:00+00:00,109.13,109580.0,65.73,28.68,238.17,93.96,50.79,44.36,20.98,40.42,26.15,18.43,20.06,51.24,27.73,27.82,30.17,39.69,70.57
2007-05-23 00:00:00+00:00,108.5,109500.0,65.11,28.88,237.22,92.98,50.97,44.11,20.92,40.57,26.05,18.23,20.04,51.32,27.71,27.86,30.24,39.51,70.76
2007-05-24 00:00:00+00:00,106.39,109100.0,63.96,28.71,237.4,91.54,51.04,43.77,20.88,40.12,25.7,17.84,19.99,51.14,27.72,27.78,30.2,39.78,70.15
2007-05-25 00:00:00+00:00,109.21,109320.0,64.89,28.85,242.0,92.63,50.81,43.81,21.15,40.08,25.97,18.3,20.18,51.21,27.95,27.75,30.28,40.0,71.2
2007-05-29 00:00:00+00:00,109.91,109200.0,64.55,28.73,243.8,93.27,50.69,43.96,21.27,39.86,26.23,18.37,20.2,51.77,27.76,28.21,30.29,40.03,70.44
2007-05-30 00:00:00+00:00,114.16,109200.0,65.79,28.98,249.55,94.17,50.83,44.17,21.62,39.34,26.5,18.47,20.09,51.93,28.1,28.61,30.36,40.18,71.62
2007-05-31 00:00:00+00:00,116.48,109490.0,65.18,28.86,249.2,93.88,50.87,43.97,21.6,39.15,26.15,18.44,20.15,51.69,28.35,28.42,30.24,40.59,70.91
2007-06-01 00:00:00+00:00,113.8,109255.0,65.77,28.76,250.45,93.82,50.98,44.03,21.52,38.92,26.06,18.7,20.29,51.63,27.79,28.08,30.5,42.18,71.81
2007-06-04 00:00:00+00:00,116.62,109700.0,66.49,29.04,253.79,93.55,51.13,43.75,21.47,38.63,26.17,18.71,20.17,51.4,28.05,28.04,30.34,43.67,71.81
2007-06-05 00:00:00+00:00,117.9,109250.0,66.17,28.73,259.68,93.21,50.9,43.46,21.32,38.39,26.05,18.53,19.99,51.62,27.76,27.92,30.09,43.08,71.84
2007-06-06 00:00:00+00:00,118.84,109055.0,65.42,28.64,259.38,90.19,50.57,42.9,21.19,38.17,25.8,18.41,19.63,51.4,27.69,28.02,29.82,43.28,71.29
2007-06-07 00:00:00+00:00,119.25,109700.0,64.15,28.23,257.79,89.65,49.85,42.27,20.94,37.85,25.23,17.82,19.27,50.69,27.1,27.81,29.38,42.43,69.88
2007-06-08 00:00:00+00:00,119.65,109340.0,64.54,28.66,258.0,90.77,49.95,42.77,21.06,37.7,25.6,18.13,19.44,51.3,27.61,28.12,29.61,42.7,70.49
2007-06-11 00:00:00+00:00,115.52,109400.0,65.07,28.77,255.93,90.9,50.07,42.79,21.04,38.39,25.57,18.27,19.33,51.28,27.51,28.41,29.73,42.47,70.82
2007-06-12 00:00:00+00:00,115.7,109500.0,64.43,28.46,252.64,90.13,49.71,41.87,20.84,37.76,25.43,17.92,19.14,50.56,26.8,28.13,29.48,41.71,69.91
2007-06-13 00:00:00+00:00,112.94,109600.0,64.91,28.91,252.87,90.81,49.99,42.67,21.07,38.1,25.89,18.36,19.31,50.73,27.41,28.01,30.12,42.21,71.06
2007-06-14 00:00:00+00:00,114.14,109300.0,65.85,29.03,251.67,91.45,50.21,42.69,21.05,37.77,26.0,18.68,19.34,50.77,27.81,28.22,30.08,42.02,72.27
2007-06-15 00:00:00+00:00,115.82,109100.0,66.52,29.28,253.2,92.55,50.47,42.9,21.16,38.15,25.97,18.89,19.4,50.89,27.62,28.07,30.14,42.07,73.27
2007-06-18 00:00:00+00:00,120.23,109000.0,66.7,29.24,257.86,92.76,50.11,42.79,21.24,38.07,25.99,18.83,19.25,50.24,27.44,27.78,30.29,41.88,73.63
2007-06-19 00:00:00+00:00,118.86,108920.0,66.62,30.18,257.41,93.79,50.19,43.14,21.08,37.84,25.95,18.91,19.21,50.28,27.59,28.12,30.49,41.62,73.19
2007-06-20 00:00:00+00:00,116.83,108500.0,64.76,30.01,255.24,93.35,49.88,41.96,21.13,37.04,25.57,18.58,18.84,50.38,27.11,27.78,29.9,41.43,70.61
2007-06-21 00:00:00+00:00,119.09,108000.0,66.27,30.02,257.31,93.88,49.94,42.29,21.37,37.07,25.74,18.72,19.0,50.33,27.15,27.71,29.86,41.26,71.87
2007-06-22 00:00:00+00:00,118.22,107400.0,65.23,29.58,262.75,91.97,48.83,41.33,21.18,36.51,25.12,18.44,18.6,49.64,26.64,27.18,29.35,40.79,70.36
2007-06-25 00:00:00+00:00,117.59,107395.0,66.35,29.56,263.97,92.56,49.13,41.03,21.24,36.35,25.12,18.53,18.62,49.68,26.8,27.1,29.4,40.78,70.23
2007-06-26 00:00:00+00:00,115.0,107300.0,66.15,29.41,265.4,92.76,49.57,41.23,21.31,36.94,25.15,18.23,18.75,49.77,26.94,26.82,29.38,40.9,69.76
2007-06-27 00:00:00+00:00,117.16,107400.0,67.1,29.44,263.41,92.85,49.41,41.78,21.52,37.85,25.45,18.73,18.77,49.96,27.41,26.72,29.61,41.32,71.17
2007-06-28 00:00:00+00:00,115.88,108900.0,67.33,29.49,262.77,93.3,49.45,41.54,21.59,37.96,25.41,18.88,18.78,49.91,27.94,26.82,29.56,41.11,71.28
2007-06-29 00:00:00+00:00,117.3,109475.0,67.38,29.61,261.61,92.69,49.54,41.11,21.46,37.45,25.11,18.75,18.74,49.77,28.46,26.88,29.47,41.02,71.52
2007-07-02 00:00:00+00:00,116.55,110000.0,68.11,29.6,265.46,92.48,49.73,41.7,21.56,37.27,25.34,18.95,18.86,50.22,28.7,27.15,29.76,41.21,72.32
2007-07-03 00:00:00+00:00,122.23,110000.0,69.05,29.94,267.44,93.86,49.81,42.19,21.7,37.47,25.57,19.09,18.92,50.26,28.46,27.5,29.9,41.33,72.78
2007-07-05 00:00:00+00:00,127.59,110970.0,69.24,29.82,271.09,95.15,50.07,41.72,21.61,37.46,25.55,19.49,18.98,50.16,28.09,27.41,29.6,41.01,72.61
2007-07-06 00:00:00+00:00,127.16,111500.0,70.13,29.77,269.97,96.02,49.95,41.87,21.58,37.19,25.53,19.41,19.0,50.0,28.12,27.39,29.61,41.26,73.71
2007-07-09 00:00:00+00:00,125.27,112000.0,71.59,29.88,271.55,95.96,50.43,41.72,21.62,37.16,25.45,19.18,18.97,50.04,28.01,27.7,29.43,41.36,74.55
2007-07-10 00:00:00+00:00,127.21,111800.0,71.19,29.32,271.94,95.66,50.01,40.62,21.38,36.59,24.99,18.76,18.75,49.64,27.32,26.71,28.86,40.57,73.75
2007-07-11 00:00:00+00:00,127.25,111000.0,72.58,29.55,272.51,96.08,50.54,41.15,21.37,36.77,25.12,19.01,18.65,50.07,27.54,26.9,29.26,40.66,74.42
2007-07-12 00:00:00+00:00,128.86,110720.0,74.62,30.17,272.94,96.24,50.94,42.35,21.59,38.18,25.62,19.5,19.04,51.18,28.0,27.31,29.7,41.64,76.41
2007-07-13 00:00:00+00:00,132.38,110710.0,74.65,30.56,276.36,95.64,51.0,42.79,21.79,38.24,25.4,19.41,18.99,50.96,27.94,27.53,29.78,41.91,77.01
2007-07-16 00:00:00+00:00,132.74,110560.0,73.68,31.04,276.77,96.57,51.3,42.61,22.09,38.22,25.58,19.22,19.11,51.36,27.81,28.19,29.71,41.73,76.48
2007-07-17 00:00:00+00:00,133.51,110500.0,72.86,31.49,277.78,97.55,50.44,42.68,21.82,37.8,26.22,19.39,19.03,50.98,27.56,27.86,29.82,41.23,75.96
2007-07-18 00:00:00+00:00,132.75,110350.0,74.45,31.29,275.03,97.82,50.01,41.79,21.92,37.55,26.34,19.42,18.42,51.19,27.41,27.67,29.66,40.96,77.71
2007-07-19 00:00:00+00:00,134.56,110300.0,74.38,31.49,274.57,102.03,50.16,41.57,22.03,37.1,26.84,19.6,18.31,51.36,27.43,27.86,29.78,41.6,78.69
2007-07-20 00:00:00+00:00,138.17,110200.0,73.68,31.04,260.32,101.11,49.68,40.67,21.83,36.86,26.55,19.61,18.25,50.83,27.02,27.88,29.1,40.98,78.39
2007-07-23 00:00:00+00:00,138.12,110300.0,74.04,31.58,256.51,102.49,49.85,40.31,22.01,39.35,26.57,19.77,18.34,51.81,27.69,28.21,29.2,41.02,79.67
2007-07-24 00:00:00+00:00,129.65,110000.0,71.87,31.12,257.26,102.3,49.42,38.77,21.84,38.89,26.24,19.63,18.24,51.5,27.45,28.42,28.43,40.95,77.45
2007-07-25 00:00:00+00:00,131.93,110290.0,72.82,31.27,255.14,104.0,49.47,38.71,22.18,40.14,26.16,19.58,18.16,51.51,28.01,28.49,28.97,40.82,79.11
2007-07-26 00:00:00+00:00,140.33,109850.0,69.95,30.58,254.25,102.62,49.01,37.69,21.74,39.08,25.54,19.03,17.7,51.17,27.65,27.95,28.2,39.92,75.22
2007-07-27 00:00:00+00:00,138.26,110400.0,68.15,30.01,256.2,101.82,48.06,37.82,21.45,37.69,25.04,18.66,17.44,51.38,27.14,27.69,28.12,39.17,72.97
2007-07-30 00:00:00+00:00,135.94,109650.0,69.13,30.38,258.31,100.85,48.3,38.26,21.5,37.69,25.05,18.63,17.41,51.75,27.51,27.37,29.0,39.4,73.33
2007-07-31 00:00:00+00:00,126.64,110000.0,68.19,29.99,255.26,97.44,48.64,37.63,21.38,37.33,24.7,18.19,17.23,50.6,27.09,28.1,28.3,39.18,72.58
2007-08-01 00:00:00+00:00,129.76,109550.0,68.12,30.13,256.73,98.67,49.01,37.95,21.86,38.36,24.96,18.83,17.32,51.66,27.83,28.51,28.89,39.41,73.19
2007-08-02 00:00:00+00:00,131.19,110000.0,67.1,30.19,255.76,99.72,49.07,38.13,22.02,38.83,25.15,19.11,17.48,51.77,28.08,28.44,28.84,39.85,72.62
2007-08-03 00:00:00+00:00,126.73,109900.0,64.8,29.44,251.75,98.54,48.68,37.32,21.86,37.82,24.67,18.7,17.23,51.43,27.29,28.18,27.49,38.82,69.98
2007-08-06 00:00:00+00:00,130.0,112000.0,65.6,30.25,255.26,100.3,50.09,38.57,22.25,38.61,25.17,19.1,17.67,53.16,27.85,28.63,29.13,40.09,71.23
2007-08-07 00:00:00+00:00,129.78,112690.0,66.53,30.54,258.27,99.98,49.91,38.77,22.34,38.82,25.17,18.72,17.85,53.35,27.99,28.42,29.24,40.13,73.07
2007-08-08 00:00:00+00:00,128.8,112995.0,67.45,31.3,263.15,99.85,50.24,39.77,22.92,39.37,25.56,19.22,18.25,53.3,27.91,28.48,29.58,41.29,74.94
2007-08-09 00:00:00+00:00,121.48,112200.0,64.87,30.13,257.62,97.86,48.91,37.77,22.91,38.68,24.96,19.11,17.91,53.14,27.15,27.64,28.88,39.61,71.56
2007-08-10 00:00:00+00:00,120.14,111600.0,66.72,29.58,258.13,99.55,49.17,37.83,22.56,38.26,24.46,19.02,17.79,53.48,26.89,27.25,29.09,39.28,72.34
2007-08-13 00:00:00+00:00,122.83,111500.0,65.95,29.53,258.01,99.61,49.41,37.48,22.37,38.02,24.39,18.76,17.72,52.58,27.03,27.46,28.66,39.37,70.98
2007-08-14 00:00:00+00:00,119.21,110150.0,65.95,29.15,254.55,99.02,49.15,37.02,22.21,37.54,24.17,18.41,17.49,52.12,26.46,27.0,28.46,37.37,71.16
2007-08-15 00:00:00+00:00,115.24,111200.0,65.05,28.55,249.02,98.3,49.29,36.77,22.09,37.43,24.02,18.25,17.45,51.92,26.28,26.7,28.38,37.09,69.93
2007-08-16 00:00:00+00:00,112.5,113750.0,65.56,28.78,246.01,96.94,49.55,38.88,21.98,37.19,23.77,18.21,17.35,52.37,26.23,26.52,29.93,37.28,69.05
2007-08-17 00:00:00+00:00,117.32,118500.0,67.95,29.75,250.27,98.01,49.86,40.19,22.34,37.31,24.15,18.41,17.76,53.45,27.01,26.9,31.49,37.27,72.02
2007-08-20 00:00:00+00:00,117.47,120700.0,68.38,29.57,249.21,96.52,49.71,39.75,22.37,37.58,24.16,18.18,17.93,53.17,26.73,27.1,31.37,37.36,72.36
2007-08-21 00:00:00+00:00,122.61,119800.0,67.9,29.67,253.56,96.36,49.58,39.5,22.17,37.42,24.0,18.33,17.98,52.72,26.8,27.5,31.6,37.45,71.18
2007-08-22 00:00:00+00:00,127.36,118000.0,68.78,30.28,256.63,97.21,49.86,39.33,22.14,37.87,24.13,18.38,18.28,52.95,27.52,27.57,31.03,37.49,71.54
2007-08-23 00:00:00+00:00,125.98,118800.0,68.85,30.26,256.35,98.49,49.94,39.05,22.15,37.97,24.19,18.43,18.26,53.2,27.74,27.79,30.82,37.0,71.69
2007-08-24 00:00:00+00:00,130.04,119850.0,70.26,30.49,257.76,100.08,50.09,39.29,22.16,38.21,24.63,18.97,18.35,53.93,27.92,28.11,30.92,37.49,73.35
2007-08-27 00:00:00+00:00,127.11,119000.0,70.08,30.17,256.89,100.25,49.86,38.4,22.16,37.69,24.36,18.89,18.36,53.35,27.74,28.08,30.55,37.55,72.86
2007-08-28 00:00:00+00:00,121.89,118775.0,67.9,29.44,253.45,98.98,49.58,37.28,21.85,37.0,23.88,18.42,18.15,52.92,26.83,27.37,29.76,37.19,71.05
2007-08-29 00:00:00+00:00,128.87,118750.0,69.84,29.95,256.7,101.25,50.07,37.73,21.95,37.54,24.44,19.15,18.3,53.26,27.81,27.84,30.42,37.87,72.96
2007-08-30 00:00:00+00:00,130.96,118510.0,70.23,29.71,255.96,101.96,49.86,37.6,21.91,37.34,24.32,19.22,18.21,53.17,27.5,27.64,30.22,37.13,73.1
2007-08-31 00:00:00+00:00,133.1,118390.0,70.69,30.07,257.88,103.13,50.01,38.07,22.07,37.73,24.56,19.29,18.42,53.42,27.58,27.61,30.89,37.39,73.38
2007-09-04 00:00:00+00:00,138.56,119300.0,71.47,30.2,262.84,104.45,50.17,38.73,22.31,37.63,24.63,19.71,18.6,53.53,27.86,28.13,30.94,37.11,74.67
2007-09-05 00:00:00+00:00,131.45,119500.0,71.17,29.98,264.16,104.18,49.9,37.77,22.03,37.43,24.35,19.72,18.33,53.54,27.48,27.66,30.35,36.38,74.66
2007-09-06 00:00:00+00:00,129.77,120000.0,71.63,30.48,262.02,103.95,49.91,37.8,22.43,38.24,24.72,19.54,18.26,54.07,27.49,27.86,30.14,36.65,74.89
2007-09-07 00:00:00+00:00,126.65,119500.0,70.6,29.98,259.93,102.12,49.92,37.21,22.4,37.56,24.31,19.18,17.99,53.55,26.79,27.26,29.76,36.33,73.4
2007-09-10 00:00:00+00:00,131.4,118300.0,70.12,30.32,257.5,102.34,50.05,37.56,22.39,37.74,24.35,19.19,17.77,53.9,26.82,27.2,29.71,36.23,72.64
2007-09-11 00:00:00+00:00,130.23,118800.0,71.36,30.56,260.93,103.71,50.22,38.08,22.84,37.85,24.73,19.46,17.94,54.79,27.54,27.6,30.54,36.8,74.42
2007-09-12 00:00:00+00:00,131.53,118100.0,71.84,30.87,261.59,102.52,50.6,38.02,23.05,37.64,24.73,19.54,17.94,55.05,27.57,27.6,30.17,36.6,75.03
2007-09-13 00:00:00+00:00,131.87,118900.0,72.57,31.34,262.65,102.47,51.08,38.99,23.06,37.78,24.93,19.45,17.97,55.18,28.2,28.09,30.28,36.9,75.86
2007-09-14 00:00:00+00:00,133.42,120000.0,73.02,31.22,264.64,101.75,51.16,38.94,23.28,37.54,24.83,19.09,18.02,55.46,27.97,28.03,30.15,37.13,75.9
2007-09-17 00:00:00+00:00,133.03,118500.0,73.24,31.08,262.91,101.21,50.94,38.72,22.82,37.44,24.56,19.04,17.9,55.58,27.67,28.08,30.15,37.13,76.41
2007-09-18 00:00:00+00:00,135.45,118700.0,75.19,32.24,267.9,103.07,51.67,40.89,23.29,38.32,24.73,19.72,18.2,56.17,28.24,28.55,31.44,38.09,78.55
2007-09-19 00:00:00+00:00,135.3,117700.0,75.81,32.31,273.7,103.11,52.2,40.67,23.37,39.07,24.51,19.82,18.45,56.26,28.76,28.86,31.54,38.35,78.85
2007-09-20 00:00:00+00:00,134.86,117400.0,75.85,32.12,276.69,103.28,52.44,40.15,23.25,38.93,24.3,20.01,18.19,56.42,29.07,28.88,30.9,37.98,78.83
2007-09-21 00:00:00+00:00,138.55,117100.0,76.39,32.13,280.33,103.21,52.71,40.3,23.34,39.26,24.49,20.91,18.24,56.76,29.42,29.26,30.64,37.91,79.02
2007-09-24 00:00:00+00:00,142.52,116900.0,76.0,31.82,284.29,102.74,52.77,39.62,23.41,39.16,24.86,20.73,18.11,57.09,29.24,29.09,30.4,37.68,78.52
2007-09-25 00:00:00+00:00,147.23,116890.0,74.01,32.01,284.78,102.97,52.59,39.42,23.54,39.61,25.27,20.87,17.98,57.13,29.45,29.06,30.5,36.99,78.72
2007-09-26 00:00:00+00:00,146.84,116990.0,74.52,32.14,284.36,103.66,52.93,39.44,23.67,39.86,25.22,20.71,18.23,57.67,29.63,29.33,30.31,37.11,79.07
2007-09-27 00:00:00+00:00,148.5,117200.0,75.32,32.24,284.03,104.03,53.05,39.51,23.67,39.63,25.21,20.58,18.36,57.34,29.63,29.46,30.46,37.37,79.58
2007-09-28 00:00:00+00:00,147.51,118510.0,75.38,32.24,283.92,104.11,53.18,39.18,23.72,39.17,25.19,20.59,18.12,57.53,29.27,29.19,30.12,37.41,79.23
2007-10-01 00:00:00+00:00,150.27,118790.0,76.07,32.73,291.57,105.19,53.53,40.02,23.9,39.73,25.45,20.9,18.43,58.0,29.21,29.93,30.99,38.11,80.42
2007-10-02 00:00:00+00:00,152.29,119799.0,74.56,32.81,292.49,104.6,53.46,40.32,23.91,39.11,25.39,20.78,18.5,57.85,29.34,29.89,30.97,38.45,78.96
2007-10-03 00:00:00+00:00,151.79,119290.0,73.69,32.36,292.3,102.87,53.5,40.51,23.77,39.51,25.18,20.52,18.6,57.59,29.0,29.83,31.28,38.68,78.18
2007-10-04 00:00:00+00:00,150.17,119000.0,73.98,32.48,289.8,102.24,53.51,40.73,23.89,40.05,25.4,20.7,18.77,57.93,29.04,29.95,31.51,38.57,77.83
2007-10-05 00:00:00+00:00,155.18,121100.0,74.36,32.53,297.32,102.78,53.62,41.01,23.97,40.54,25.51,21.1,18.97,57.93,29.4,30.1,31.68,38.88,78.2
2007-10-08 00:00:00+00:00,161.39,123390.0,73.77,32.35,305.12,104.08,53.44,40.89,23.86,40.27,25.51,21.41,18.88,57.84,29.25,29.93,31.25,38.8,77.62
2007-10-09 00:00:00+00:00,161.34,122615.0,74.75,32.73,307.9,104.55,53.62,41.0,23.89,40.64,25.73,21.48,18.94,58.14,29.29,30.36,31.39,38.75,79.33
2007-10-10 00:00:00+00:00,160.31,124700.0,74.17,32.56,313.01,104.83,53.28,40.44,23.89,40.33,25.84,21.8,18.94,58.4,29.12,30.37,30.96,39.07,79.72
2007-10-11 00:00:00+00:00,155.93,125500.0,73.3,32.4,311.31,104.33,53.38,40.22,23.61,40.19,25.57,21.37,18.88,58.7,29.03,30.4,30.71,40.19,79.32
2007-10-12 00:00:00+00:00,160.75,127100.0,73.63,31.96,319.01,104.12,53.37,40.36,23.86,40.54,25.79,21.35,18.74,58.64,29.5,30.3,30.47,40.33,80.02
2007-10-15 00:00:00+00:00,160.49,126200.0,74.37,31.79,310.37,104.31,53.14,39.88,23.79,40.38,25.68,20.99,18.54,58.07,29.43,29.71,30.4,39.81,81.17
2007-10-16 00:00:00+00:00,162.99,127200.0,75.27,31.75,308.31,105.7,52.67,38.88,23.84,40.18,25.92,20.69,18.27,57.93,29.17,29.91,29.21,39.3,81.1
2007-10-17 00:00:00+00:00,166.04,129995.0,75.12,31.93,317.06,102.32,52.49,39.97,24.39,40.48,26.57,20.44,18.21,58.02,29.25,30.13,28.98,39.41,81.15
2007-10-18 00:00:00+00:00,166.76,129000.0,74.44,31.77,320.13,101.46,52.53,39.56,24.5,40.45,26.64,20.39,18.2,58.28,29.17,29.93,28.32,39.33,81.36
2007-10-19 00:00:00+00:00,163.8,127100.0,71.91,31.19,322.68,99.23,51.99,38.81,24.26,40.24,25.79,19.74,17.85,58.2,28.86,29.47,27.78,38.55,78.87
2007-10-22 00:00:00+00:00,167.59,126400.0,71.24,31.29,325.7,100.19,52.08,39.11,24.46,41.4,26.08,20.17,17.82,58.41,28.72,29.51,28.6,38.78,77.82
2007-10-23 00:00:00+00:00,178.93,127990.0,71.63,31.53,338.22,101.35,52.25,39.6,24.67,42.7,26.42,20.4,17.84,58.57,29.31,29.83,28.54,37.65,78.2
2007-10-24 00:00:00+00:00,178.71,127800.0,72.41,31.33,338.25,99.82,52.16,39.88,24.84,42.58,26.72,20.15,17.79,58.67,28.99,29.57,28.78,37.6,78.86
2007-10-25 00:00:00+00:00,175.68,127500.0,73.49,31.28,334.59,99.7,51.76,39.69,25.31,43.23,27.35,19.98,18.02,58.65,28.6,29.89,28.59,37.61,78.38
2007-10-26 00:00:00+00:00,177.53,127500.0,73.82,31.45,337.64,100.51,52.05,40.79,25.42,43.63,29.95,20.31,18.03,58.98,28.92,30.35,29.21,38.26,78.93
2007-10-29 00:00:00+00:00,177.9,128210.0,74.81,31.59,339.95,101.46,52.6,40.23,25.53,43.77,29.55,20.71,18.18,59.04,29.12,30.61,28.86,38.57,80.13
2007-10-30 00:00:00+00:00,179.74,128800.0,72.56,31.53,347.73,100.85,52.47,40.13,25.48,43.84,30.41,20.58,18.14,56.68,28.89,30.19,28.75,38.88,78.02
2007-10-31 00:00:00+00:00,182.57,132500.0,73.71,32.06,353.85,102.62,52.75,40.51,25.5,44.14,31.47,21.09,18.25,57.14,29.15,30.66,28.76,38.75,78.74
2007-11-01 00:00:00+00:00,180.16,131250.0,71.72,31.42,351.96,100.44,52.34,38.2,25.14,43.46,31.68,20.7,17.76,56.38,28.22,29.78,27.15,37.73,75.76
2007-11-02 00:00:00+00:00,180.57,132500.0,71.27,31.41,355.98,101.27,52.43,37.19,24.98,42.46,31.68,20.96,17.56,57.17,28.2,29.54,27.32,37.87,75.27
2007-11-05 00:00:00+00:00,178.95,133000.0,71.27,31.31,363.19,100.22,52.2,36.87,24.91,42.38,31.4,20.99,17.56,57.69,27.93,29.17,27.0,37.73,75.04
2007-11-06 00:00:00+00:00,184.34,133800.0,73.01,31.29,371.27,100.01,52.3,38.02,25.19,42.42,31.13,21.72,17.75,57.93,27.93,29.11,27.86,37.96,77.37
2007-11-07 00:00:00+00:00,179.06,134940.0,70.51,30.44,366.84,98.52,51.73,36.41,24.75,41.07,30.37,21.02,17.51,57.06,26.97,28.69,26.25,37.65,74.93
2007-11-08 00:00:00+00:00,168.65,134575.0,71.83,30.39,347.27,94.11,52.28,36.73,25.38,41.5,29.7,19.36,17.35,58.23,27.44,28.44,26.87,37.38,76.84
2007-11-09 00:00:00+00:00,158.95,132210.0,70.29,29.89,332.32,88.91,52.74,36.47,25.11,42.36,28.84,18.42,17.14,57.88,27.35,28.47,27.02,36.77,74.63
2007-11-12 00:00:00+00:00,147.79,133710.0,68.68,29.79,316.35,89.98,53.67,36.54,24.71,42.42,28.54,18.49,17.28,58.17,26.96,28.49,27.61,37.13,72.65
2007-11-13 00:00:00+00:00,163.36,135700.0,69.94,30.54,330.61,93.36,54.48,38.83,25.2,43.56,29.56,19.52,17.68,58.83,27.8,29.01,28.93,39.4,74.66
2007-11-14 00:00:00+00:00,159.66,137500.0,69.86,30.38,321.16,91.74,54.14,38.92,25.33,43.42,29.1,19.2,17.73,58.8,27.44,28.97,28.38,39.86,74.17
2007-11-15 00:00:00+00:00,157.92,135300.0,68.25,29.84,315.14,91.88,54.13,37.52,25.57,43.89,28.96,19.42,17.49,59.04,27.46,28.65,27.29,39.59,72.6
2007-11-16 00:00:00+00:00,159.93,136475.0,69.72,30.1,317.13,92.94,54.84,37.14,25.85,44.23,29.24,19.79,17.56,60.16,27.59,29.08,26.58,39.71,73.13
2007-11-19 00:00:00+00:00,157.58,136500.0,68.95,29.72,313.24,90.66,54.71,35.66,25.72,44.14,29.13,19.53,17.05,59.86,26.33,28.65,26.06,38.97,72.28
2007-11-20 00:00:00+00:00,162.29,136500.0,71.28,29.63,324.59,91.72,54.75,35.88,25.92,43.89,29.66,19.68,17.06,60.18,26.53,28.73,25.96,38.99,75.47
2007-11-21 00:00:00+00:00,161.92,134000.0,69.54,28.95,330.59,90.66,54.34,35.07,25.7,42.83,29.36,19.22,16.78,59.4,26.13,27.92,25.54,38.45,74.8
2007-11-23 00:00:00+00:00,164.88,134100.0,70.28,29.34,338.69,92.28,54.47,36.16,25.72,43.69,29.26,19.32,17.25,59.89,26.25,28.38,26.32,39.19,75.87
2007-11-26 00:00:00+00:00,165.84,136600.0,67.95,28.61,333.33,90.44,54.87,34.88,25.48,43.64,28.28,18.74,16.74,59.34,25.36,27.44,25.17,38.59,73.63
2007-11-27 00:00:00+00:00,168.02,137480.0,68.37,29.17,337.12,92.09,55.16,36.5,26.0,44.66,28.36,18.92,17.18,60.11,25.62,27.6,25.46,39.28,74.23
2007-11-28 00:00:00+00:00,173.22,137700.0,69.79,29.95,346.48,95.23,55.67,37.89,26.14,45.43,28.91,19.51,17.6,60.75,26.16,28.23,26.22,40.48,75.55
2007-11-29 00:00:00+00:00,177.13,139200.0,70.19,29.71,348.85,95.34,55.71,37.63,26.06,45.4,28.81,19.48,17.72,60.95,26.53,28.27,26.07,40.74,76.13
2007-11-30 00:00:00+00:00,175.14,140100.0,71.17,29.82,346.85,93.28,55.17,39.32,25.77,44.98,28.82,19.2,17.84,60.83,26.66,28.76,27.68,41.05,76.62
2007-12-03 00:00:00+00:00,171.91,143200.0,71.23,28.76,341.11,93.86,55.15,38.97,25.82,44.53,28.24,19.25,17.68,60.43,26.7,28.68,27.18,41.03,76.35
2007-12-04 00:00:00+00:00,172.83,144700.0,70.68,28.23,342.42,94.57,55.33,38.06,26.04,44.24,28.11,19.05,17.62,60.24,26.41,29.15,27.11,41.3,75.72
2007-12-05 00:00:00+00:00,178.29,147500.0,72.41,28.59,349.6,95.93,55.55,38.7,26.17,45.3,29.29,20.19,18.0,60.67,26.8,29.63,27.65,41.91,77.27
2007-12-06 00:00:00+00:00,182.57,148300.0,74.1,29.02,357.99,97.29,55.63,39.83,26.18,45.38,29.63,20.38,18.15,60.97,27.08,29.57,27.82,42.23,78.58
2007-12-07 00:00:00+00:00,186.75,148220.0,73.76,29.0,357.79,96.55,55.12,39.72,26.21,46.27,29.62,20.11,18.32,60.93,26.84,30.15,27.07,42.01,78.63
2007-12-10 00:00:00+00:00,186.67,149200.0,74.38,29.14,359.57,97.02,55.21,40.87,26.26,46.35,29.81,20.59,18.3,61.1,26.44,30.18,27.86,42.36,79.08
2007-12-11 00:00:00+00:00,181.22,148900.0,72.89,28.84,349.95,94.89,55.02,39.6,26.14,46.07,29.25,20.04,17.89,60.7,27.53,29.6,26.26,42.02,77.58
2007-12-12 00:00:00+00:00,183.45,144000.0,74.43,29.01,350.03,96.2,55.14,39.78,26.47,45.55,29.57,20.33,17.88,61.38,29.1,29.91,26.18,41.52,78.99
2007-12-13 00:00:00+00:00,184.38,142400.0,75.48,29.27,347.37,95.94,55.28,39.44,26.6,45.6,30.21,20.56,17.75,61.16,29.16,29.97,26.08,41.61,79.68
2007-12-14 00:00:00+00:00,182.99,143000.0,74.62,28.75,345.33,93.81,55.05,38.96,26.48,45.43,30.29,20.17,17.34,60.74,28.7,29.53,25.67,41.0,78.35
2007-12-17 00:00:00+00:00,177.24,136400.0,72.97,28.41,334.95,92.71,55.02,38.38,25.93,45.37,29.5,19.92,17.25,60.2,28.25,28.69,25.67,41.18,77.24
2007-12-18 00:00:00+00:00,175.87,135400.0,73.95,28.66,337.01,94.29,55.15,37.84,25.82,45.56,29.8,20.21,17.55,59.87,28.32,29.16,25.88,41.53,78.56
2007-12-19 00:00:00+00:00,176.01,134500.0,73.71,28.48,339.02,95.02,54.83,37.91,26.09,45.26,29.84,19.75,17.47,59.99,27.86,29.05,26.14,41.39,78.57
2007-12-20 00:00:00+00:00,179.94,134000.0,74.64,28.69,345.19,96.53,54.84,37.35,25.85,44.65,30.47,21.02,17.43,60.16,28.09,29.17,25.92,41.19,79.17
2007-12-21 00:00:00+00:00,186.38,134000.0,76.26,29.17,348.69,98.49,55.41,38.02,26.18,45.11,30.93,21.6,17.45,60.89,28.94,29.5,25.92,41.5,80.29
2007-12-24 00:00:00+00:00,191.08,137980.0,76.62,29.48,350.72,99.02,55.28,38.64,26.24,45.56,31.38,21.65,17.52,60.78,28.95,29.81,26.63,41.96,80.48
2007-12-26 00:00:00+00:00,191.22,138500.0,76.91,29.5,355.78,98.94,55.02,38.74,26.15,45.32,31.4,21.88,17.42,60.86,29.51,30.02,26.68,41.65,81.47
2007-12-27 00:00:00+00:00,190.86,137800.0,76.02,29.21,350.72,97.2,54.84,37.62,25.86,44.67,30.85,21.92,17.21,60.74,29.31,29.54,25.86,41.12,80.49
2007-12-28 00:00:00+00:00,192.07,141100.0,76.92,29.33,351.62,97.64,54.88,37.29,25.85,44.78,30.98,21.85,17.19,61.03,29.61,29.7,25.68,41.39,81.64
2007-12-31 00:00:00+00:00,190.39,141600.0,75.68,29.12,346.09,95.87,54.32,37.63,25.47,44.32,30.54,21.48,17.07,60.35,28.99,29.08,25.77,40.92,80.51
